Workbook

Sheet VARIABLE_DICTIONARY
A1: Variable ID | B1: Tên biến (Tiếng Việt) | C1: Tên biến (English) | D1: Loại dữ liệu | E1: Đơn vị | F1: Nhập bởi ai? | G1: Công thức / Quy tắc | H1: Output?
A2: P1 | B2: Sản lượng năm 1 | C2: Production year 1 | D2: Input | E2: Đơn vị sản phẩm | F2: Người dùng / nguồn dữ liệu | G2: — | H2: Không
A3: P2 | B3: Sản lượng năm 2 | C3: Production year 2 | D3: Input | E3: Đơn vị sản phẩm | F3: Người dùng / nguồn dữ liệu | G3: — | H3: Không
A4: P3 | B4: Sản lượng năm 3 | C4: Production year 3 | D4: Input | E4: Đơn vị sản phẩm | F4: Người dùng / nguồn dữ liệu | G4: — | H4: Không
A5: E1 | B5: Phát thải năm 1 | C5: Emissions year 1 | D5: Input | E5: tCO2e | F5: Người dùng / nguồn dữ liệu | G5: — | H5: Không
A6: E2 | B6: Phát thải năm 2 | C6: Emissions year 2 | D6: Input | E6: tCO2e | F6: Người dùng / nguồn dữ liệu | G6: — | H6: Không
A7: E3 | B7: Phát thải năm 3 | C7: Emissions year 3 | D7: Input | E7: tCO2e | F7: Người dùng / nguồn dữ liệu | G7: — | H7: Không
A8: P_avg | B8: Sản lượng trung bình ba năm y-1, y-2, y-3 | C8: Average production over y-1, y-2, y-3 | D8: Calculated | E8: Đơn vị sản phẩm | F8: Hệ thống | G8: (P_y-1 + P_y-2 + P_y-3) / 3 | H8: Có
A9: E_avg | B9: Phát thải trung bình ba năm y-1, y-2, y-3 | C9: Average emissions over y-1, y-2, y-3 | D9: Calculated | E9: tCO2e | F9: Hệ thống | G9: (E_y-1 + E_y-2 + E_y-3) / 3 | H9: Có
A10: B | B10: Lượng phát thải KNK trung bình trên một đơn vị sản phẩm của lĩnh vực | C10: Sector benchmark / average GHG emissions per product unit | D10: Calculated | E10: tCO2e / đơn vị sản phẩm | F10: Hệ thống | G10: ΣE_avg / ΣP_avg | H10: Có
A11: g | B11: Mục tiêu tăng trưởng của lĩnh vực | C11: Sector growth target | D11: Policy parameter | E11: % | F11: Bộ quản lý lĩnh vực / nguồn chính sách | G11: Tham số trong công thức T; giá trị thực tế chưa nhập | H11: Không
A12: r | B12: Mục tiêu giảm phát thải KNK của lĩnh vực | C12: Sector GHG reduction target | D12: Policy parameter | E12: % | F12: Bộ quản lý lĩnh vực / nguồn chính sách | G12: Tham số trong công thức T; giá trị thực tế chưa nhập | H12: Không
... A14: A | B14: Hạn ngạch phát thải KNK tính toán cho cơ sở | C14: Calculated GHG allowance | D14: Calculated | E14: tCO2e | F14: Hệ thống | G14: P_avg × B × T | H14: Có

Sheet FACILITIES
A1: Facility ID | B1: Facility Name | C1: Sector | D1: Product | E1: Product Unit | F1: Tax ID | G1: Inventory status used for 2025-2026 allocation basis | H1: Official Allocation 2025 (tCO2e) | I1: Official Allocation 2026 (tCO2e) | J1: Allocation Legal Source | K1: Data Status | L1: Notes
A2: =OFFICIAL_ALLOCATIONS!A2 -> F001 | B2: Công ty nhiệt điện Na Dương | D2: Electricity | E2: kWh | F2: 0104297034-001 | G2: YES — facility was within the inventory-list scope used for 2025-2026 quota allocation | H2: 1035566 | I2: 1134493 | J2: Decision 699/QĐ-BNNMT | K2: Official | L2: Do not use this field to infer current post-25/09/2026 inventory-list membership; check the effective list separately.
A3: =OFFICIAL_ALLOCATIONS!A3 -> F002 | B3: Công ty nhiệt điện Sơn động Việt Nam | D3: Electricity | E3: kWh | F3: 0104297034-003 | G3: YES — facility was within the inventory-list scope used for 2025-2026 quota allocation | H3: 2032458 | I3: 2226618 | J3: Decision 699/QĐ-BNNMT | K3: Official | L3: Do not use this field to infer current post-25/09/2026 inventory-list membership; check the effective list separately.
A4: =OFFICIAL_ALLOCATIONS!A4 -> F003 | B4: Công ty Nhiệt điện Uông Bí | D4: Electricity | E4: kWh | F4: 5701662152-010 | G4: YES — facility was within the inventory-list scope used for 2025-2026 quota allocation | H4: 5691098 | I4: 6234766 | J4: Decision 699/QĐ-BNNMT | K4: Official | L4: Do not use this field to infer current post-25/09/2026 inventory-list membership; check the effective list separately.
A5: =OFFICIAL_ALLOCATIONS!A5 -> F004 | B5: Công ty Cổ phần Nhiệt điện Quảng Ninh | D5: Electricity | E5: kWh | F5: 5700434869 | G5: YES — facility was within the inventory-list scope used for 2025-2026 quota allocation | H5: 11097421 | I5: 12157553 | J5: Decision 699/QĐ-BNNMT | K5: Official | L5: Do not use this field to infer current post-25/09/2026 inventory-list membership; check the effective list separately.
A6: =OFFICIAL_ALLOCATIONS!A6 -> F005 | B6: Công ty Nhiệt điện Cẩm Phả - TKV | D6: Electricity | E6: kWh | F6: 0104297034-008 | G6: YES — facility was within the inventory-list scope used for 2025-2026 quota allocation | H6: 3585092 | I6: 3927575 | J6: Decision 699/QĐ-BNNMT | K6: Official | L6: Do not use this field to infer current post-25/09/2026 inventory-list membership; check the effective list separately.
A7: =OFFICIAL_ALLOCATIONS!A7 -> F006 | B7: Công ty TNHH Điện Lực AES Mông Dương - Nhà máy nhiệt điện Mông Dương II | D7: Electricity | E7: kWh | F7: 5701384498 | G7: YES — facility was within the inventory-list scope used for 2025-2026 quota allocation | H7: 12190431 | I7: 13354978 | J7: Decision 699/QĐ-BNNMT | K7: Official | L7: Do not use this field to infer current post-25/09/2026 inventory-list membership; check the effective list separately.
A8: =OFFICIAL_ALLOCATIONS!A8 -> F007 | B8: Công ty Nhiệt điện Đông Triều - TKV - Nhà máy nhiệt điện Mạo Khê | D8: Electricity | E8: kWh | F8: 0104297034-006 | G8: YES — facility was within the inventory-list scope used for 2025-2026 quota allocation | H8: 4436759 | I8: 4860601 | J8: Decision 699/QĐ-BNNMT | K8: Official | L8: Do not use this field to infer current post-25/09/2026 inventory-list membership; check the effective list separately.
A9: =OFFICIAL_ALLOCATIONS!A9 -> F008 | B9: Nhà máy nhiệt điện Mông Dương I - Công ty Nhiệt điện Mông Dương | D9: Electricity | E9: kWh | F9: 3502208399-008 | G9: YES — facility was within the inventory-list scope used for 2025-2026 quota allocation | H9: 9556403 | I9: 10469322 | J9: Decision 699/QĐ-BNNMT | K9: Official | L9: Do not use this field to infer current post-25/09/2026 inventory-list membership; check the effective list separately.
A10: =OFFICIAL_ALLOCATIONS!A10 -> F009 | B10: Công ty Cổ phần Nhiệt điện Hải Phòng | D10: Electricity | E10: kWh | F10: 200493225 | G10: YES — facility was within the inventory-list scope used for 2025-2026 quota allocation | H10: 10239469 | I10: 11217642 | J10: Decision 699/QĐ-BNNMT | K10: Official | L10: Do not use this field to infer current post-25/09/2026 inventory-list membership; check the effective list separately.
A11: =OFFICIAL_ALLOCATIONS!A11 -> F010 | B11: Nhà máy điện Nghi Sơn 1 | D11: Electricity | E11: kWh | F11: 5701662152-011 | G11: YES — facility was within the inventory-list scope used for 2025-2026 quota allocation | H11: 5036163 | I11: 5517266 | J11: Decision 699/QĐ-BNNMT | K11: Official | L11: Do not use this field to infer current post-25/09/2026 inventory-list membership; check the effective list separately.
A12: =OFFICIAL_ALLOCATIONS!A12 -> F011 | B12: Công ty Điện lực Dầu khí Hà Tĩnh | D12: Electricity | E12: kWh | F12: 0102276173-007 | G12: YES — facility was within the inventory-list scope used for 2025-2026 quota allocation | H12: 7214687 | I12: 7903903 | J12: Decision 699/QĐ-BNNMT | K12: Official | L12: Do not use this field to infer current post-25/09/2026 inventory-list membership; check the effective list separately.
A13: =OFFICIAL_ALLOCATIONS!A13 -> F012 | B13: Công ty TNHH Hưng Nghiệp Formosa | D13: Electricity | E13: kWh | F13: 3600517557 | G13: YES — facility was within the inventory-list scope used for 2025-2026 quota allocation | H13: 2558365 | I13: 2802764 | J13: Decision 699/QĐ-BNNMT | K13: Official | L13: Do not use this field to infer current post-25/09/2026 inventory-list membership; check the effective list separately.
... A111: =OFFICIAL_ALLOCATIONS!A111 -> F110 | B111: Công ty TNHH Duyên Hà, Nhà máy xi măng Duyên Hà | D111: Clinker | E111: t clinker | F111: 0100520789-002 | G111: YES — facility was within the inventory-list scope used for 2025-2026 quota allocation | H111: 1324157 | I111: 1448956 | J111: Decision 699/QĐ-BNNMT | K111: Official | L111: Do not use this field to infer current post-25/09/2026 inventory-list membership; check the effective list separately.

Sheet CALCULATION
A1: Facility ID | B1: Facility Name | C1: Sector | D1: Allocation Year | E1: Window Start | F1: Window End | G1: P_avg | H1: E_avg | I1: Sector Data Completeness | J1: Sector Benchmark (B) | K1: g | L1: r | M1: T | N1: Calculated Allocation (A) | O1: Official Allocation | P1: Difference | Q1: Difference % | R1: Calculation Status | S1: Legal Basis | T1: Source URL
A2: F001 | B2: Công ty nhiệt điện Na Dương | C2: Thermal power | D2: 2025 | E2: =D2-3 -> 2022 | F2: =D2-1 -> 2024 | G2: =IF(COUNTIFS(HISTORICAL_DATA!$A$2:$A$441,$A2,HISTORICAL_DATA!$D$2:$D$441,">="&$E2,HISTORICAL_DATA!$D$2:$D$441,"<="&$F2,HISTORICAL_DATA!$E$2:$E$441,"<>")<3,"",SUMIFS(HISTORICAL_DATA!$E$2:$E$441,HISTORICAL_DATA!$A$2:$A$441,$A2,HISTORICAL_DATA!$D$2:$D$441,">="&$E2,HISTORICAL_DATA!$D$2:$D$441,"<="&$F2)/3) | H2: =IF(COUNTIFS(HISTORICAL_DATA!$A$2:$A$441,$A2,HISTORICAL_DATA!$D$2:$D$441,">="&$E2,HISTORICAL_DATA!$D$2:$D$441,"<="&$F2,HISTORICAL_DATA!$E$2:$E$441,"<>")<3,"",SUMIFS(HISTORICAL_DATA!$E$2:$E$441,HISTORICAL_DATA!$A$2:$A$441,$A2,HISTORICAL_DATA!$D$2:$D$441,">="&$E2,HISTORICAL_DATA!$D$2:$D$441,"<="&$F2)/3) | I2: =IF(OR(G2="",H2=""),"FACILITY DATA MISSING",IF(AND(COUNTIFS($C$2:$C$221,C2,$D$2:$D$221,D2,$G$2:$G$221,"<>")=COUNTIF(OFFICIAL_ALLOCATIONS!$C$2:$C$111,C2),COUNTIFS($C$2:$C$221,C2,$D$2:$D$221,D2,$H$2:$H$221,"<>")=COUNTIF(OFFICIAL_ALLOCATIONS!$C$2:$C$111,C2)),"COMPLETE","SECTOR DATA INCOMPLETE")) -> FACILITY DATA MISSING | J2: =IF(I2<>"COMPLETE","",IFERROR(SUMIFS($H$2:$H$221,$C$2:$C$221,C2,$D$2:$D$221,D2)/SUMIFS($G$2:$G$221,$C$2:$C$221,C2,$D$2:$D$221,D2),"")) | K2: =IF(COUNTIFS(POLICY_PARAMETERS!$B$2:$B$13,"g",POLICY_PARAMETERS!$E$2:$E$13,C2,POLICY_PARAMETERS!$F$2:$F$13,D2,POLICY_PARAMETERS!$G$2:$G$13,"<>")=0,"",SUMIFS(POLICY_PARAMETERS!$G$2:$G$13,POLICY_PARAMETERS!$B$2:$B$13,"g",POLICY_PARAMETERS!$E$2:$E$13,C2,POLICY_PARAMETERS!$F$2:$F$13,D2)) | L2: =IF(COUNTIFS(POLICY_PARAMETERS!$B$2:$B$13,"r",POLICY_PARAMETERS!$E$2:$E$13,C2,POLICY_PARAMETERS!$F$2:$F$13,D2,POLICY_PARAMETERS!$G$2:$G$13,"<>")=0,"",SUMIFS(POLICY_PARAMETERS!$G$2:$G$13,POLICY_PARAMETERS!$B$2:$B$13,"r",POLICY_PARAMETERS!$E$2:$E$13,C2,POLICY_PARAMETERS!$F$2:$F$13,D2)) | M2: =IF(OR(K2="",L2=""),"",(1+K2)*(1-L2)) | N2: =IF(OR(G2="",J2="",M2=""),"",G2*J2*M2) | O2: =IF(D2=2025,IFERROR(VLOOKUP(A2,OFFICIAL_ALLOCATIONS!$A$2:$F$111,5,FALSE),""),IFERROR(VLOOKUP(A2,OFFICIAL_ALLOCATIONS!$A$2:$F$111,6,FALSE),"")) -> 1035566 | P2: =IF(OR(N2="",O2=""),"",N2-O2) | Q2: =IF(OR(P2="",O2=0),"",P2/O2) | R2: =IF(OR(G2="",H2=""),"MISSING HISTORICAL DATA",IF(I2<>"COMPLETE","INCOMPLETE SECTOR DATA",IF(OR(K2="",L2=""),"MISSING VERIFIED g/r",IF(N2="","NOT READY","READY")))) -> MISSING HISTORICAL DATA | S2: Appendix I, Method No. 01 | T2: https://datafiles.chinhphu.vn/cpp/files/vbpq/2025/6/10-vbhn-bnnmt-kem.pdf
A3: F001 | B3: Công ty nhiệt điện Na Dương | C3: Thermal power | D3: 2026 | E3: =D3-3 -> 2023 | F3: =D3-1 -> 2025 | G3: =IF(COUNTIFS(HISTORICAL_DATA!$A$2:$A$441,$A3,HISTORICAL_DATA!$D$2:$D$441,">="&$E3,HISTORICAL_DATA!$D$2:$D$441,"<="&$F3,HISTORICAL_DATA!$E$2:$E$441,"<>")<3,"",SUMIFS(HISTORICAL_DATA!$E$2:$E$441,HISTORICAL_DATA!$A$2:$A$441,$A3,HISTORICAL_DATA!$D$2:$D$441,">="&$E3,HISTORICAL_DATA!$D$2:$D$441,"<="&$F3)/3) | H3: =IF(COUNTIFS(HISTORICAL_DATA!$A$2:$A$441,$A3,HISTORICAL_DATA!$D$2:$D$441,">="&$E3,HISTORICAL_DATA!$D$2:$D$441,"<="&$F3,HISTORICAL_DATA!$G$2:$G$441,"<>")<3,"",SUMIFS(HISTORICAL_DATA!$G$2:$G$441,HISTORICAL_DATA!$A$2:$A$441,$A3,HISTORICAL_DATA!$D$2:$D$441,">="&$E3,HISTORICAL_DATA!$D$2:$D$441,"<="&$F3)/3) | I3: =IF(OR(G3="",H3=""),"FACILITY DATA MISSING",IF(AND(COUNTIFS($C$2:$C$221,C3,$D$2:$D$221,D3,$G$2:$G$221,"<>")=COUNTIF(OFFICIAL_ALLOCATIONS!$C$2:$C$111,C3),COUNTIFS($C$2:$C$221,C3,$D$2:$D$221,D3,$H$2:$H$221,"<>")=COUNTIF(OFFICIAL_ALLOCATIONS!$C$2:$C$111,C3)),"COMPLETE","SECTOR DATA INCOMPLETE")) -> FACILITY DATA MISSING | J3: =IF(I3<>"COMPLETE","",IFERROR(SUMIFS($H$2:$H$221,$C$2:$C$221,C3,$D$2:$D$221,D3)/SUMIFS($G$2:$G$221,$C$2:$C$221,C3,$D$2:$D$221,D3),"")) | K3: =IF(COUNTIFS(POLICY_PARAMETERS!$B$2:$B$13,"g",POLICY_PARAMETERS!$E$2:$E$13,C3,POLICY_PARAMETERS!$F$2:$F$13,D3,POLICY_PARAMETERS!$G$2:$G$13,"<>")=0,"",SUMIFS(POLICY_PARAMETERS!$G$2:$G$13,POLICY_PARAMETERS!$B$2:$B$13,"g",POLICY_PARAMETERS!$E$2:$E$13,C3,POLICY_PARAMETERS!$F$2:$F$13,D3)) | L3: =IF(COUNTIFS(POLICY_PARAMETERS!$B$2:$B$13,"r",POLICY_PARAMETERS!$E$2:$E$13,C3,POLICY_PARAMETERS!$F$2:$F$13,D3,POLICY_PARAMETERS!$G$2:$G$13,"<>")=0,"",SUMIFS(POLICY_PARAMETERS!$G$2:$G$13,POLICY_PARAMETERS!$B$2:$B$13,"r",POLICY_PARAMETERS!$E$2:$E$13,C3,POLICY_PARAMETERS!$F$2:$F$13,D3)) | M3: =IF(OR(K3="",L3=""),"",(1+K3)*(1-L3)) | N3: =IF(OR(G3="",J3="",M3=""),"",G3*J3*M3) | O3: =IF(D3=2025,IFERROR(VLOOKUP(A3,OFFICIAL_ALLOCATIONS!$A$2:$F$111,5,FALSE),""),IFERROR(VLOOKUP(A3,OFFICIAL_ALLOCATIONS!$A$2:$F$111,6,FALSE),"")) -> 1134493 | P3: =IF(OR(N3="",O3=""),"",N3-O3) | Q3: =IF(OR(P3="",O3=0),"",P3/O3) | R3: =IF(OR(G3="",H3=""),"MISSING HISTORICAL DATA",IF(I3<>"COMPLETE","INCOMPLETE SECTOR DATA",IF(OR(K3="",L3=""),"MISSING VERIFIED g/r",IF(N3="","NOT READY","READY")))) -> MISSING HISTORICAL DATA | S3: Appendix I, Method No. 01 | T3: https://datafiles.chinhphu.vn/cpp/files/vbpq/2025/6/10-vbhn-bnnmt-kem.pdf
A4: F002 | B4: Công ty nhiệt điện Sơn động Việt Nam | C4: Thermal power | D4: 2025 | E4: =D4-3 -> 2022 | F4: =D4-1 -> 2024 | G4: =IF(COUNTIFS(HISTORICAL_DATA!$A$2:$A$441,$A4,HISTORICAL_DATA!$D$2:$D$441,">="&$E4,HISTORICAL_DATA!$D$2:$D$441,"<="&$F4,HISTORICAL_DATA!$E$2:$E$441,"<>")<3,"",SUMIFS(HISTORICAL_DATA!$E$2:$E$441,HISTORICAL_DATA!$A$2:$A$441,$A4,HISTORICAL_DATA!$D$2:$D$441,">="&$E4,HISTORICAL_DATA!$D$2:$D$441,"<="&$F4)/3) | H4: =IF(COUNTIFS(HISTORICAL_DATA!$A$2:$A$441,$A4,HISTORICAL_DATA!$D$2:$D$441,">="&$E4,HISTORICAL_DATA!$D$2:$D$441,"<="&$F4,HISTORICAL_DATA!$G$2:$G$441,"<>")<3,"",SUMIFS(HISTORICAL_DATA!$G$2:$G$441,HISTORICAL_DATA!$A$2:$A$441,$A4,HISTORICAL_DATA!$D$2:$D$441,">="&$E4,HISTORICAL_DATA!$D$2:$D$441,"<="&$F4)/3) | I4: =IF(OR(G4="",H4=""),"FACILITY DATA MISSING",IF(AND(COUNTIFS($C$2:$C$221,C4,$D$2:$D$221,D4,$G$2:$G$221,"<>")=COUNTIF(OFFICIAL_ALLOCATIONS!$C$2:$C$111,C4),COUNTIFS($C$2:$C$221,C4,$D$2:$D$221,D4,$H$2:$H$221,"<>")=COUNTIF(OFFICIAL_ALLOCATIONS!$C$2:$C$111,C4)),"COMPLETE","SECTOR DATA INCOMPLETE")) -> FACILITY DATA MISSING | J4: =IF(I4<>"COMPLETE","",IFERROR(SUMIFS($H$2:$H$221,$C$2:$C$221,C4,$D$2:$D$221,D4)/SUMIFS($G$2:$G$221,$C$2:$C$221,C4,$D$2:$D$221,D4),"")) | K4: =IF(COUNTIFS(POLICY_PARAMETERS!$B$2:$B$13,"g",POLICY_PARAMETERS!$E$2:$E$13,C4,POLICY_PARAMETERS!$F$2:$F$13,D4,POLICY_PARAMETERS!$G$2:$G$13,"<>")=0,"",SUMIFS(POLICY_PARAMETERS!$G$2:$G$13,POLICY_PARAMETERS!$B$2:$B$13,"g",POLICY_PARAMETERS!$E$2:$E$13,C4,POLICY_PARAMETERS!$F$2:$F$13,D4)) | L4: =IF(COUNTIFS(POLICY_PARAMETERS!$B$2:$B$13,"r",POLICY_PARAMETERS!$E$2:$E$13,C4,POLICY_PARAMETERS!$F$2:$F$13,D4,POLICY_PARAMETERS!$G$2:$G$13,"<>")=0,"",SUMIFS(POLICY_PARAMETERS!$G$2:$G$13,POLICY_PARAMETERS!$B$2:$B$13,"r",POLICY_PARAMETERS!$E$2:$E$13,C4,POLICY_PARAMETERS!$F$2:$F$13,D4)) | M4: =IF(OR(K4="",L4=""),"",(1+K4)*(1-L4)) | N4: =IF(OR(G4="",J4="",M4=""),"",G4*J4*M4) | O4: =IF(D4=2025,IFERROR(VLOOKUP(A4,OFFICIAL_ALLOCATIONS!$A$2:$F$111,5,FALSE),""),IFERROR(VLOOKUP(A4,OFFICIAL_ALLOCATIONS!$A$2:$F$111,6,FALSE),"")) -> 2032458 | P4: =IF(OR(N4="",O4=""),"",N4-O4) | Q4: =IF(OR(P4="",O4=0),"",P4/O4) | R4: =IF(OR(G4="",H4=""),"MISSING HISTORICAL DATA",IF(I4<>"COMPLETE","INCOMPLETE SECTOR DATA",IF(OR(K4="",L4=""),"MISSING VERIFIED g/r",IF(N4="","NOT READY","READY")))) -> MISSING HISTORICAL DATA | S4: Appendix I, Method No. 01 | T4: https://datafiles.chinhphu.vn/cpp/files/vbpq/2025/6/10-vbhn-bnnmt-kem.pdf
A5: F002 | B5: Công ty nhiệt điện Sơn động Việt Nam | C5: Thermal power | D5: 2026 | E5: =D5-3 -> 2023 | F5: =D5-1 -> 2025 | G5: =IF(COUNTIFS(HISTORICAL_DATA!$A$2:$A$441,$A5,HISTORICAL_DATA!$D$2:$D$441,">="&$E5,HISTORICAL_DATA!$D$2:$D$441,"<="&$F5,HISTORICAL_DATA!$E$2:$E$441,"<>")<3,"",SUMIFS(HISTORICAL_DATA!$E$2:$E$441,HISTORICAL_DATA!$A$2:$A$441,$A5,HISTORICAL_DATA!$D$2:$D$441,">="&$E5,HISTORICAL_DATA!$D$2:$D$441,"<="&$F5)/3) | H5: =IF(COUNTIFS(HISTORICAL_DATA!$A$2:$A$441,$A5,HISTORICAL_DATA!$D$2:$D$441,">="&$E5,HISTORICAL_DATA!$D$2:$D$441,"<="&$F5,HISTORICAL_DATA!$G$2:$G$441,"<>")<3,"",SUMIFS(HISTORICAL_DATA!$G$2:$G$441,HISTORICAL_DATA!$A$2:$A$441,$A5,HISTORICAL_DATA!$D$2:$D$441,">="&$E5,HISTORICAL_DATA!$D$2:$D$441,"<="&$F5)/3) | I5: =IF(OR(G5="",H5=""),"FACILITY DATA MISSING",IF(AND(COUNTIFS($C$2:$C$221,C5,$D$2:$D$221,D5,$G$2:$G$221,"<>")=COUNTIF(OFFICIAL_ALLOCATIONS!$C$2:$C$111,C5),COUNTIFS($C$2:$C$221,C5,$D$2:$D$221,D5,$H$2:$H$221,"<>")=COUNTIF(OFFICIAL_ALLOCATIONS!$C$2:$C$111,C5)),"COMPLETE","SECTOR DATA INCOMPLETE")) -> FACILITY DATA MISSING | J5: =IF(I5<>"COMPLETE","",IFERROR(SUMIFS($H$2:$H$221,$C$2:$C$221,C5,$D$2:$D$221,D5)/SUMIFS($G$2:$G$221,$C$2:$C$221,C5,$D$2:$D$221,D5),"")) | K5: =IF(COUNTIFS(POLICY_PARAMETERS!$B$2:$B$13,"g",POLICY_PARAMETERS!$E$2:$E$13,C5,POLICY_PARAMETERS!$F$2:$F$13,D5,POLICY_PARAMETERS!$G$2:$G$13,"<>")=0,"",SUMIFS(POLICY_PARAMETERS!$G$2:$G$13,POLICY_PARAMETERS!$B$2:$B$13,"g",POLICY_PARAMETERS!$E$2:$E$13,C5,POLICY_PARAMETERS!$F$2:$F$13,D5)) | L5: =IF(COUNTIFS(POLICY_PARAMETERS!$B$2:$B$13,"r",POLICY_PARAMETERS!$E$2:$E$13,C5,POLICY_PARAMETERS!$F$2:$F$13,D5,POLICY_PARAMETERS!$G$2:$G$13,"<>")=0,"",SUMIFS(POLICY_PARAMETERS!$G$2:$G$13,POLICY_PARAMETERS!$B$2:$B$13,"r",POLICY_PARAMETERS!$E$2:$E$13,C5,POLICY_PARAMETERS!$F$2:$F$13,D5)) | M5: =IF(OR(K5="",L5=""),"",(1+K5)*(1-L5)) | N5: =IF(OR(G5="",J5="",M5=""),"",G5*J5*M5) | O5: =IF(D5=2025,IFERROR(VLOOKUP(A5,OFFICIAL_ALLOCATIONS!$A$2:$F$111,5,FALSE),""),IFERROR(VLOOKUP(A5,OFFICIAL_ALLOCATIONS!$A$2:$F$111,6,FALSE),"")) -> 2226618 | P5: =IF(OR(N5="",O5=""),"",N5-O5) | Q5: =IF(OR(P5="",O5=0),"",P5/O5) | R5: =IF(OR(G5="",H5=""),"MISSING HISTORICAL DATA",IF(I5<>"COMPLETE","INCOMPLETE SECTOR DATA",IF(OR(K5="",L5=""),"MISSING VERIFIED g/r",IF(N5="","NOT READY","READY")))) -> MISSING HISTORICAL DATA | S5: Appendix I, Method No. 01 | T5: https://datafiles.chinhphu.vn/cpp/files/vbpq/2025/6/10-vbhn-bnnmt-kem.pdf
A6: F003 | B6: Công ty Nhiệt điện Uông Bí | C6: Thermal power | D6: 2025 | E6: =D6-3 -> 2022 | F6: =D6-1 -> 2024 | G6: =IF(COUNTIFS(HISTORICAL_DATA!$A$2:$A$441,$A6,HISTORICAL_DATA!$D$2:$D$441,">="&$E6,HISTORICAL_DATA!$D$2:$D$441,"<="&$F6,HISTORICAL_DATA!$E$2:$E$441,"<>")<3,"",SUMIFS(HISTORICAL_DATA!$E$2:$E$441,HISTORICAL_DATA!$A$2:$A$441,$A6,HISTORICAL_DATA!$D$2:$D$441,">="&$E6,HISTORICAL_DATA!$D$2:$D$441,"<="&$F6)/3) | H6: =IF(COUNTIFS(HISTORICAL_DATA!$A$2:$A$441,$A6,HISTORICAL_DATA!$D$2:$D$441,">="&$E6,HISTORICAL_DATA!$D$2:$D$441,"<="&$F6,HISTORICAL_DATA!$G$2:$G$441,"<>")<3,"",SUMIFS(HISTORICAL_DATA!$G$2:$G$441,HISTORICAL_DATA!$A$2:$A$441,$A6,HISTORICAL_DATA!$D$2:$D$441,">="&$E6,HISTORICAL_DATA!$D$2:$D$441,"<="&$F6)/3) | I6: =IF(OR(G6="",H6=""),"FACILITY DATA MISSING",IF(AND(COUNTIFS($C$2:$C$221,C6,$D$2:$D$221,D6,$G$2:$G$221,"<>")=COUNTIF(OFFICIAL_ALLOCATIONS!$C$2:$C$111,C6),COUNTIFS($C$2:$C$221,C6,$D$2:$D$221,D6,$H$2:$H$221,"<>")=COUNTIF(OFFICIAL_ALLOCATIONS!$C$2:$C$111,C6)),"COMPLETE","SECTOR DATA INCOMPLETE")) -> FACILITY DATA MISSING | J6: =IF(I6<>"COMPLETE","",IFERROR(SUMIFS($H$2:$H$221,$C$2:$C$221,C6,$D$2:$D$221,D6)/SUMIFS($G$2:$G$221,$C$2:$C$221,C6,$D$2:$D$221,D6),"")) | K6: =IF(COUNTIFS(POLICY_PARAMETERS!$B$2:$B$13,"g",POLICY_PARAMETERS!$E$2:$E$13,C6,POLICY_PARAMETERS!$F$2:$F$13,D6,POLICY_PARAMETERS!$G$2:$G$13,"<>")=0,"",SUMIFS(POLICY_PARAMETERS!$G$2:$G$13,POLICY_PARAMETERS!$B$2:$B$13,"g",POLICY_PARAMETERS!$E$2:$E$13,C6,POLICY_PARAMETERS!$F$2:$F$13,D6)) | L6: =IF(COUNTIFS(POLICY_PARAMETERS!$B$2:$B$13,"r",POLICY_PARAMETERS!$E$2:$E$13,C6,POLICY_PARAMETERS!$F$2:$F$13,D6,POLICY_PARAMETERS!$G$2:$G$13,"<>")=0,"",SUMIFS(POLICY_PARAMETERS!$G$2:$G$13,POLICY_PARAMETERS!$B$2:$B$13,"r",POLICY_PARAMETERS!$E$2:$E$13,C6,POLICY_PARAMETERS!$F$2:$F$13,D6)) | M6: =IF(OR(K6="",L6=""),"",(1+K6)*(1-L6)) | N6: =IF(OR(G6="",J6="",M6=""),"",G6*J6*M6) | O6: =IF(D6=2025,IFERROR(VLOOKUP(A6,OFFICIAL_ALLOCATIONS!$A$2:$F$111,5,FALSE),""),IFERROR(VLOOKUP(A6,OFFICIAL_ALLOCATIONS!$A$2:$F$111,6,FALSE),"")) -> 5691098 | P6: =IF(OR(N6="",O6=""),"",N6-O6) | Q6: =IF(OR(P6="",O6=0),"",P6/O6) | R6: =IF(OR(G6="",H6=""),"MISSING HISTORICAL DATA",IF(I6<>"COMPLETE","INCOMPLETE SECTOR DATA",IF(OR(K6="",L6=""),"MISSING VERIFIED g/r",IF(N6="","NOT READY","READY")))) -> MISSING HISTORICAL DATA | S6: Appendix I, Method No. 01 | T6: https://datafiles.chinhphu.vn/cpp/files/vbpq/2025/6/10-vbhn-bnnmt-kem.pdf
A7: F003 | B7: Công ty Nhiệt điện Uông Bí | C7: Thermal power | D7: 2026 | E7: =D7-3 -> 2023 | F7: =D7-1 -> 2025 | G7: =IF(COUNTIFS(HISTORICAL_DATA!$A$2:$A$441,$A7,HISTORICAL_DATA!$D$2:$D$441,">="&$E7,HISTORICAL_DATA!$D$2:$D$441,"<="&$F7,HISTORICAL_DATA!$E$2:$E$441,"<>")<3,"",SUMIFS(HISTORICAL_DATA!$E$2:$E$441,HISTORICAL_DATA!$A$2:$A$441,$A7,HISTORICAL_DATA!$D$2:$D$441,">="&$E7,HISTORICAL_DATA!$D$2:$D$441,"<="&$F7)/3) | H7: =IF(COUNTIFS(HISTORICAL_DATA!$A$2:$A$441,$A7,HISTORICAL_DATA!$D$2:$D$441,">="&$E7,HISTORICAL_DATA!$D$2:$D$441,"<="&$F7,HISTORICAL_DATA!$G$2:$G$441,"<>")<3,"",SUMIFS(HISTORICAL_DATA!$G$2:$G$441,HISTORICAL_DATA!$A$2:$A$441,$A7,HISTORICAL_DATA!$D$2:$D$441,">="&$E7,HISTORICAL_DATA!$D$2:$D$441,"<="&$F7)/3) | I7: =IF(OR(G7="",H7=""),"FACILITY DATA MISSING",IF(AND(COUNTIFS($C$2:$C$221,C7,$D$2:$D$221,D7,$G$2:$G$221,"<>")=COUNTIF(OFFICIAL_ALLOCATIONS!$C$2:$C$111,C7),COUNTIFS($C$2:$C$221,C7,$D$2:$D$221,D7,$H$2:$H$221,"<>")=COUNTIF(OFFICIAL_ALLOCATIONS!$C$2:$C$111,C7)),"COMPLETE","SECTOR DATA INCOMPLETE")) -> FACILITY DATA MISSING | J7: =IF(I7<>"COMPLETE","",IFERROR(SUMIFS($H$2:$H$221,$C$2:$C$221,C7,$D$2:$D$221,D7)/SUMIFS($G$2:$G$221,$C$2:$C$221,C7,$D$2:$D$221,D7),"")) | K7: =IF(COUNTIFS(POLICY_PARAMETERS!$B$2:$B$13,"g",POLICY_PARAMETERS!$E$2:$E$13,C7,POLICY_PARAMETERS!$F$2:$F$13,D7,POLICY_PARAMETERS!$G$2:$G$13,"<>")=0,"",SUMIFS(POLICY_PARAMETERS!$G$2:$G$13,POLICY_PARAMETERS!$B$2:$B$13,"g",POLICY_PARAMETERS!$E$2:$E$13,C7,POLICY_PARAMETERS!$F$2:$F$13,D7)) | L7: =IF(COUNTIFS(POLICY_PARAMETERS!$B$2:$B$13,"r",POLICY_PARAMETERS!$E$2:$E$13,C7,POLICY_PARAMETERS!$F$2:$F$13,D7,POLICY_PARAMETERS!$G$2:$G$13,"<>")=0,"",SUMIFS(POLICY_PARAMETERS!$G$2:$G$13,POLICY_PARAMETERS!$B$2:$B$13,"r",POLICY_PARAMETERS!$E$2:$E$13,C7,POLICY_PARAMETERS!$F$2:$F$13,D7)) | M7: =IF(OR(K7="",L7=""),"",(1+K7)*(1-L7)) | N7: =IF(OR(G7="",J7="",M7=""),"",G7*J7*M7) | O7: =IF(D7=2025,IFERROR(VLOOKUP(A7,OFFICIAL_ALLOCATIONS!$A$2:$F$111,5,FALSE),""),IFERROR(VLOOKUP(A7,OFFICIAL_ALLOCATIONS!$A$2:$F$111,6,FALSE),"")) -> 6234766 | P7: =IF(OR(N7="",O7=""),"",N7-O7) | Q7: =IF(OR(P7="",O7=0),"",P7/O7) | R7: =IF(OR(G7="",H7=""),"MISSING HISTORICAL DATA",IF(I7<>"COMPLETE","INCOMPLETE SECTOR DATA",IF(OR(K7="",L7=""),"MISSING VERIFIED g/r",IF(N7="","NOT READY","READY")))) -> MISSING HISTORICAL DATA | S7: Appendix I, Method No. 01 | T7: https://datafiles.chinhphu.vn/cpp/files/vbpq/2025/6/10-vbhn-bnnmt-kem.pdf
A8: F004 | B8: Công ty Cổ phần Nhiệt điện Quảng Ninh | C8: Thermal power | D8: 2025 | E8: =D8-3 -> 2022 | F8: =D8-1 -> 2024 | G8: =IF(COUNTIFS(HISTORICAL_DATA!$A$2:$A$441,$A8,HISTORICAL_DATA!$D$2:$D$441,">="&$E8,HISTORICAL_DATA!$D$2:$D$441,"<="&$F8,HISTORICAL_DATA!$E$2:$E$441,"<>")<3,"",SUMIFS(HISTORICAL_DATA!$E$2:$E$441,HISTORICAL_DATA!$A$2:$A$441,$A8,HISTORICAL_DATA!$D$2:$D$441,">="&$E8,HISTORICAL_DATA!$D$2:$D$441,"<="&$F8)/3) | H8: =IF(COUNTIFS(HISTORICAL_DATA!$A$2:$A$441,$A8,HISTORICAL_DATA!$D$2:$D$441,">="&$E8,HISTORICAL_DATA!$D$2:$D$441,"<="&$F8,HISTORICAL_DATA!$G$2:$G$441,"<>")<3,"",SUMIFS(HISTORICAL_DATA!$G$2:$G$441,HISTORICAL_DATA!$A$2:$A$441,$A8,HISTORICAL_DATA!$D$2:$D$441,">="&$E8,HISTORICAL_DATA!$D$2:$D$441,"<="&$F8)/3) | I8: =IF(OR(G8="",H8=""),"FACILITY DATA MISSING",IF(AND(COUNTIFS($C$2:$C$221,C8,$D$2:$D$221,D8,$G$2:$G$221,"<>")=COUNTIF(OFFICIAL_ALLOCATIONS!$C$2:$C$111,C8),COUNTIFS($C$2:$C$221,C8,$D$2:$D$221,D8,$H$2:$H$221,"<>")=COUNTIF(OFFICIAL_ALLOCATIONS!$C$2:$C$111,C8)),"COMPLETE","SECTOR DATA INCOMPLETE")) -> FACILITY DATA MISSING | J8: =IF(I8<>"COMPLETE","",IFERROR(SUMIFS($H$2:$H$221,$C$2:$C$221,C8,$D$2:$D$221,D8)/SUMIFS($G$2:$G$221,$C$2:$C$221,C8,$D$2:$D$221,D8),"")) | K8: =IF(COUNTIFS(POLICY_PARAMETERS!$B$2:$B$13,"g",POLICY_PARAMETERS!$E$2:$E$13,C8,POLICY_PARAMETERS!$F$2:$F$13,D8,POLICY_PARAMETERS!$G$2:$G$13,"<>")=0,"",SUMIFS(POLICY_PARAMETERS!$G$2:$G$13,POLICY_PARAMETERS!$B$2:$B$13,"g",POLICY_PARAMETERS!$E$2:$E$13,C8,POLICY_PARAMETERS!$F$2:$F$13,D8)) | L8: =IF(COUNTIFS(POLICY_PARAMETERS!$B$2:$B$13,"r",POLICY_PARAMETERS!$E$2:$E$13,C8,POLICY_PARAMETERS!$F$2:$F$13,D8,POLICY_PARAMETERS!$G$2:$G$13,"<>")=0,"",SUMIFS(POLICY_PARAMETERS!$G$2:$G$13,POLICY_PARAMETERS!$B$2:$B$13,"r",POLICY_PARAMETERS!$E$2:$E$13,C8,POLICY_PARAMETERS!$F$2:$F$13,D8)) | M8: =IF(OR(K8="",L8=""),"",(1+K8)*(1-L8)) | N8: =IF(OR(G8="",J8="",M8=""),"",G8*J8*M8) | O8: =IF(D8=2025,IFERROR(VLOOKUP(A8,OFFICIAL_ALLOCATIONS!$A$2:$F$111,5,FALSE),""),IFERROR(VLOOKUP(A8,OFFICIAL_ALLOCATIONS!$A$2:$F$111,6,FALSE),"")) -> 11097421 | P8: =IF(OR(N8="",O8=""),"",N8-O8) | Q8: =IF(OR(P8="",O8=0),"",P8/O8) | R8: =IF(OR(G8="",H8=""),"MISSING HISTORICAL DATA",IF(I8<>"COMPLETE","INCOMPLETE SECTOR DATA",IF(OR(K8="",L8=""),"MISSING VERIFIED g/r",IF(N8="","NOT READY","READY")))) -> MISSING HISTORICAL DATA | S8: Appendix I, Method No. 01 | T8: https://datafiles.chinhphu.vn/cpp/files/vbpq/2025/6/10-vbhn-bnnmt-kem.pdf
A9: F004 | B9: Công ty Cổ phần Nhiệt điện Quảng Ninh | C9: Thermal power | D9: 2026 | E9: =D9-3 -> 2023 | F9: =D9-1 -> 2025 | G9: =IF(COUNTIFS(HISTORICAL_DATA!$A$2:$A$441,$A9,HISTORICAL_DATA!$D$2:$D$441,">="&$E9,HISTORICAL_DATA!$D$2:$D$441,"<="&$F9,HISTORICAL_DATA!$E$2:$E$441,"<>")<3,"",SUMIFS(HISTORICAL_DATA!$E$2:$E$441,HISTORICAL_DATA!$A$2:$A$441,$A9,HISTORICAL_DATA!$D$2:$D$441,">="&$E9,HISTORICAL_DATA!$D$2:$D$441,"<="&$F9)/3) | H9: =IF(COUNTIFS(HISTORICAL_DATA!$A$2:$A$441,$A9,HISTORICAL_DATA!$D$2:$D$441,">="&$E9,HISTORICAL_DATA!$D$2:$D$441,"<="&$F9,HISTORICAL_DATA!$G$2:$G$441,"<>")<3,"",SUMIFS(HISTORICAL_DATA!$G$2:$G$441,HISTORICAL_DATA!$A$2:$A$441,$A9,HISTORICAL_DATA!$D$2:$D$441,">="&$E9,HISTORICAL_DATA!$D$2:$D$441,"<="&$F9)/3) | I9: =IF(OR(G9="",H9=""),"FACILITY DATA MISSING",IF(AND(COUNTIFS($C$2:$C$221,C9,$D$2:$D$221,D9,$G$2:$G$221,"<>")=COUNTIF(OFFICIAL_ALLOCATIONS!$C$2:$C$111,C9),COUNTIFS($C$2:$C$221,C9,$D$2:$D$221,D9,$H$2:$H$221,"<>")=COUNTIF(OFFICIAL_ALLOCATIONS!$C$2:$C$111,C9)),"COMPLETE","SECTOR DATA INCOMPLETE")) -> FACILITY DATA MISSING | J9: =IF(I9<>"COMPLETE","",IFERROR(SUMIFS($H$2:$H$221,$C$2:$C$221,C9,$D$2:$D$221,D9)/SUMIFS($G$2:$G$221,$C$2:$C$221,C9,$D$2:$D$221,D9),"")) | K9: =IF(COUNTIFS(POLICY_PARAMETERS!$B$2:$B$13,"g",POLICY_PARAMETERS!$E$2:$E$13,C9,POLICY_PARAMETERS!$F$2:$F$13,D9,POLICY_PARAMETERS!$G$2:$G$13,"<>")=0,"",SUMIFS(POLICY_PARAMETERS!$G$2:$G$13,POLICY_PARAMETERS!$B$2:$B$13,"g",POLICY_PARAMETERS!$E$2:$E$13,C9,POLICY_PARAMETERS!$F$2:$F$13,D9)) | L9: =IF(COUNTIFS(POLICY_PARAMETERS!$B$2:$B$13,"r",POLICY_PARAMETERS!$E$2:$E$13,C9,POLICY_PARAMETERS!$F$2:$F$13,D9,POLICY_PARAMETERS!$G$2:$G$13,"<>")=0,"",SUMIFS(POLICY_PARAMETERS!$G$2:$G$13,POLICY_PARAMETERS!$B$2:$B$13,"r",POLICY_PARAMETERS!$E$2:$E$13,C9,POLICY_PARAMETERS!$F$2:$F$13,D9)) | M9: =IF(OR(K9="",L9=""),"",(1+K9)*(1-L9)) | N9: =IF(OR(G9="",J9="",M9=""),"",G9*J9*M9) | O9: =IF(D9=2025,IFERROR(VLOOKUP(A9,OFFICIAL_ALLOCATIONS!$A$2:$F$111,5,FALSE),""),IFERROR(VLOOKUP(A9,OFFICIAL_ALLOCATIONS!$A$2:$F$111,6,FALSE),"")) -> 12157553 | P9: =IF(OR(N9="",O9=""),"",N9-O9) | Q9: =IF(OR(P9="",O9=0),"",P9/O9) | R9: =IF(OR(G9="",H9=""),"MISSING HISTORICAL DATA",IF(I9<>"COMPLETE","INCOMPLETE SECTOR DATA",IF(OR(K9="",L9=""),"MISSING VERIFIED g/r",IF(N9="","NOT READY","READY")))) -> MISSING HISTORICAL DATA | S9: Appendix I, Method No. 01 | T9: https://datafiles.chinhphu.vn/cpp/files/vbpq/2025/6/10-vbhn-bnnmt-kem.pdf
A10: F005 | B10: Công ty Nhiệt điện Cẩm Phả - TKV | C10: Thermal power | D10: 2025 | E10: =D10-3 -> 2022 | F10: =D10-1 -> 2024 | G10: =IF(COUNTIFS(HISTORICAL_DATA!$A$2:$A$441,$A10,HISTORICAL_DATA!$D$2:$D$441,">="&$E10,HISTORICAL_DATA!$D$2:$D$441,"<="&$F10,HISTORICAL_DATA!$E$2:$E$441,"<>")<3,"",SUMIFS(HISTORICAL_DATA!$E$2:$E$441,HISTORICAL_DATA!$A$2:$A$441,$A10,HISTORICAL_DATA!$D$2:$D$441,">="&$E10,HISTORICAL_DATA!$D$2:$D$441,"<="&$F10)/3) | H10: =IF(COUNTIFS(HISTORICAL_DATA!$A$2:$A$441,$A10,HISTORICAL_DATA!$D$2:$D$441,">="&$E10,HISTORICAL_DATA!$D$2:$D$441,"<="&$F10,HISTORICAL_DATA!$G$2:$G$441,"<>")<3,"",SUMIFS(HISTORICAL_DATA!$G$2:$G$441,HISTORICAL_DATA!$A$2:$A$441,$A10,HISTORICAL_DATA!$D$2:$D$441,">="&$E10,HISTORICAL_DATA!$D$2:$D$441,"<="&$F10)/3) | I10: =IF(OR(G10="",H10=""),"FACILITY DATA MISSING",IF(AND(COUNTIFS($C$2:$C$221,C10,$D$2:$D$221,D10,$G$2:$G$221,"<>")=COUNTIF(OFFICIAL_ALLOCATIONS!$C$2:$C$111,C10),COUNTIFS($C$2:$C$221,C10,$D$2:$D$221,D10,$H$2:$H$221,"<>")=COUNTIF(OFFICIAL_ALLOCATIONS!$C$2:$C$111,C10)),"COMPLETE","SECTOR DATA INCOMPLETE")) -> FACILITY DATA MISSING | J10: =IF(I10<>"COMPLETE","",IFERROR(SUMIFS($H$2:$H$221,$C$2:$C$221,C10,$D$2:$D$221,D10)/SUMIFS($G$2:$G$221,$C$2:$C$221,C10,$D$2:$D$221,D10),"")) | K10: =IF(COUNTIFS(POLICY_PARAMETERS!$B$2:$B$13,"g",POLICY_PARAMETERS!$E$2:$E$13,C10,POLICY_PARAMETERS!$F$2:$F$13,D10,POLICY_PARAMETERS!$G$2:$G$13,"<>")=0,"",SUMIFS(POLICY_PARAMETERS!$G$2:$G$13,POLICY_PARAMETERS!$B$2:$B$13,"g",POLICY_PARAMETERS!$E$2:$E$13,C10,POLICY_PARAMETERS!$F$2:$F$13,D10)) | L10: =IF(COUNTIFS(POLICY_PARAMETERS!$B$2:$B$13,"r",POLICY_PARAMETERS!$E$2:$E$13,C10,POLICY_PARAMETERS!$F$2:$F$13,D10,POLICY_PARAMETERS!$G$2:$G$13,"<>")=0,"",SUMIFS(POLICY_PARAMETERS!$G$2:$G$13,POLICY_PARAMETERS!$B$2:$B$13,"r",POLICY_PARAMETERS!$E$2:$E$13,C10,POLICY_PARAMETERS!$F$2:$F$13,D10)) | M10: =IF(OR(K10="",L10=""),"",(1+K10)*(1-L10)) | N10: =IF(OR(G10="",J10="",M10=""),"",G10*J10*M10) | O10: =IF(D10=2025,IFERROR(VLOOKUP(A10,OFFICIAL_ALLOCATIONS!$A$2:$F$111,5,FALSE),""),IFERROR(VLOOKUP(A10,OFFICIAL_ALLOCATIONS!$A$2:$F$111,6,FALSE),"")) -> 3585092 | P10: =IF(OR(N10="",O10=""),"",N10-O10) | Q10: =IF(OR(P10="",O10=0),"",P10/O10) | R10: =IF(OR(G10="",H10=""),"MISSING HISTORICAL DATA",IF(I10<>"COMPLETE","INCOMPLETE SECTOR DATA",IF(OR(K10="",L10=""),"MISSING VERIFIED g/r",IF(N10="","NOT READY","READY")))) -> MISSING HISTORICAL DATA | S10: Appendix I, Method No. 01 | T10: https://datafiles.chinhphu.vn/cpp/files/vbpq/2025/6/10-vbhn-bnnmt-kem.pdf
A11: F005 | B11: Công ty Nhiệt điện Cẩm Phả - TKV | C11: Thermal power | D11: 2026 | E11: =D11-3 -> 2023 | F11: =D11-1 -> 2025 | G11: =IF(COUNTIFS(HISTORICAL_DATA!$A$2:$A$441,$A11,HISTORICAL_DATA!$D$2:$D$441,">="&$E11,HISTORICAL_DATA!$D$2:$D$441,"<="&$F11,HISTORICAL_DATA!$E$2:$E$441,"<>")<3,"",SUMIFS(HISTORICAL_DATA!$E$2:$E$441,HISTORICAL_DATA!$A$2:$A$441,$A11,HISTORICAL_DATA!$D$2:$D$441,">="&$E11,HISTORICAL_DATA!$D$2:$D$441,"<="&$F11)/3) | H11: =IF(COUNTIFS(HISTORICAL_DATA!$A$2:$A$441,$A11,HISTORICAL_DATA!$D$2:$D$441,">="&$E11,HISTORICAL_DATA!$D$2:$D$441,"<="&$F11,HISTORICAL_DATA!$G$2:$G$441,"<>")<3,"",SUMIFS(HISTORICAL_DATA!$G$2:$G$441,HISTORICAL_DATA!$A$2:$A$441,$A11,HISTORICAL_DATA!$D$2:$D$441,">="&$E11,HISTORICAL_DATA!$D$2:$D$441,"<="&$F11)/3) | I11: =IF(OR(G11="",H11=""),"FACILITY DATA MISSING",IF(AND(COUNTIFS($C$2:$C$221,C11,$D$2:$D$221,D11,$G$2:$G$221,"<>")=COUNTIF(OFFICIAL_ALLOCATIONS!$C$2:$C$111,C11),COUNTIFS($C$2:$C$221,C11,$D$2:$D$221,D11,$H$2:$H$221,"<>")=COUNTIF(OFFICIAL_ALLOCATIONS!$C$2:$C$111,C11)),"COMPLETE","SECTOR DATA INCOMPLETE")) -> FACILITY DATA MISSING | J11: =IF(I11<>"COMPLETE","",IFERROR(SUMIFS($H$2:$H$221,$C$2:$C$221,C11,$D$2:$D$221,D11)/SUMIFS($G$2:$G$221,$C$2:$C$221,C11,$D$2:$D$221,D11),"")) | K11: =IF(COUNTIFS(POLICY_PARAMETERS!$B$2:$B$13,"g",POLICY_PARAMETERS!$E$2:$E$13,C11,POLICY_PARAMETERS!$F$2:$F$13,D11,POLICY_PARAMETERS!$G$2:$G$13,"<>")=0,"",SUMIFS(POLICY_PARAMETERS!$G$2:$G$13,POLICY_PARAMETERS!$B$2:$B$13,"g",POLICY_PARAMETERS!$E$2:$E$13,C11,POLICY_PARAMETERS!$F$2:$F$13,D11)) | L11: =IF(COUNTIFS(POLICY_PARAMETERS!$B$2:$B$13,"r",POLICY_PARAMETERS!$E$2:$E$13,C11,POLICY_PARAMETERS!$F$2:$F$13,D11,POLICY_PARAMETERS!$G$2:$G$13,"<>")=0,"",SUMIFS(POLICY_PARAMETERS!$G$2:$G$13,POLICY_PARAMETERS!$B$2:$B$13,"r",POLICY_PARAMETERS!$E$2:$E$13,C11,POLICY_PARAMETERS!$F$2:$F$13,D11)) | M11: =IF(OR(K11="",L11=""),"",(1+K11)*(1-L11)) | N11: =IF(OR(G11="",J11="",M11=""),"",G11*J11*M11) | O11: =IF(D11=2025,IFERROR(VLOOKUP(A11,OFFICIAL_ALLOCATIONS!$A$2:$F$111,5,FALSE),""),IFERROR(VLOOKUP(A11,OFFICIAL_ALLOCATIONS!$A$2:$F$111,6,FALSE),"")) -> 3927575 | P11: =IF(OR(N11="",O11=""),"",N11-O11) | Q11: =IF(OR(P11="",O11=0),"",P11/O11) | R11: =IF(OR(G11="",H11=""),"MISSING HISTORICAL DATA",IF(I11<>"COMPLETE","INCOMPLETE SECTOR DATA",IF(OR(K11="",L11=""),"MISSING VERIFIED g/r",IF(N11="","NOT READY","READY")))) -> MISSING HISTORICAL DATA | S11: Appendix I, Method No. 01 | T11: https://datafiles.chinhphu.vn/cpp/files/vbpq/2025/6/10-vbhn-bnnmt-kem.pdf
A12: F006 | B12: Công ty TNHH Điện Lực AES Mông Dương - Nhà máy nhiệt điện Mông Dương II | C12: Thermal power | D12: 2025 | E12: =D12-3 -> 2022 | F12: =D12-1 -> 2024 | G12: =IF(COUNTIFS(HISTORICAL_DATA!$A$2:$A$441,$A12,HISTORICAL_DATA!$D$2:$D$441,">="&$E12,HISTORICAL_DATA!$D$2:$D$441,"<="&$F12,HISTORICAL_DATA!$E$2:$E$441,"<>")<3,"",SUMIFS(HISTORICAL_DATA!$E$2:$E$441,HISTORICAL_DATA!$A$2:$A$441,$A12,HISTORICAL_DATA!$D$2:$D$441,">="&$E12,HISTORICAL_DATA!$D$2:$D$441,"<="&$F12)/3) | H12: =IF(COUNTIFS(HISTORICAL_DATA!$A$2:$A$441,$A12,HISTORICAL_DATA!$D$2:$D$441,">="&$E12,HISTORICAL_DATA!$D$2:$D$441,"<="&$F12,HISTORICAL_DATA!$G$2:$G$441,"<>")<3,"",SUMIFS(HISTORICAL_DATA!$G$2:$G$441,HISTORICAL_DATA!$A$2:$A$441,$A12,HISTORICAL_DATA!$D$2:$D$441,">="&$E12,HISTORICAL_DATA!$D$2:$D$441,"<="&$F12)/3) | I12: =IF(OR(G12="",H12=""),"FACILITY DATA MISSING",IF(AND(COUNTIFS($C$2:$C$221,C12,$D$2:$D$221,D12,$G$2:$G$221,"<>")=COUNTIF(OFFICIAL_ALLOCATIONS!$C$2:$C$111,C12),COUNTIFS($C$2:$C$221,C12,$D$2:$D$221,D12,$H$2:$H$221,"<>")=COUNTIF(OFFICIAL_ALLOCATIONS!$C$2:$C$111,C12)),"COMPLETE","SECTOR DATA INCOMPLETE")) -> FACILITY DATA MISSING | J12: =IF(I12<>"COMPLETE","",IFERROR(SUMIFS($H$2:$H$221,$C$2:$C$221,C12,$D$2:$D$221,D12)/SUMIFS($G$2:$G$221,$C$2:$C$221,C12,$D$2:$D$221,D12),"")) | K12: =IF(COUNTIFS(POLICY_PARAMETERS!$B$2:$B$13,"g",POLICY_PARAMETERS!$E$2:$E$13,C12,POLICY_PARAMETERS!$F$2:$F$13,D12,POLICY_PARAMETERS!$G$2:$G$13,"<>")=0,"",SUMIFS(POLICY_PARAMETERS!$G$2:$G$13,POLICY_PARAMETERS!$B$2:$B$13,"g",POLICY_PARAMETERS!$E$2:$E$13,C12,POLICY_PARAMETERS!$F$2:$F$13,D12)) | L12: =IF(COUNTIFS(POLICY_PARAMETERS!$B$2:$B$13,"r",POLICY_PARAMETERS!$E$2:$E$13,C12,POLICY_PARAMETERS!$F$2:$F$13,D12,POLICY_PARAMETERS!$G$2:$G$13,"<>")=0,"",SUMIFS(POLICY_PARAMETERS!$G$2:$G$13,POLICY_PARAMETERS!$B$2:$B$13,"r",POLICY_PARAMETERS!$E$2:$E$13,C12,POLICY_PARAMETERS!$F$2:$F$13,D12)) | M12: =IF(OR(K12="",L12=""),"",(1+K12)*(1-L12)) | N12: =IF(OR(G12="",J12="",M12=""),"",G12*J12*M12) | O12: =IF(D12=2025,IFERROR(VLOOKUP(A12,OFFICIAL_ALLOCATIONS!$A$2:$F$111,5,FALSE),""),IFERROR(VLOOKUP(A12,OFFICIAL_ALLOCATIONS!$A$2:$F$111,6,FALSE),"")) -> 12190431 | P12: =IF(OR(N12="",O12=""),"",N12-O12) | Q12: =IF(OR(P12="",O12=0),"",P12/O12) | R12: =IF(OR(G12="",H12=""),"MISSING HISTORICAL DATA",IF(I12<>"COMPLETE","INCOMPLETE SECTOR DATA",IF(OR(K12="",L12=""),"MISSING VERIFIED g/r",IF(N12="","NOT READY","READY")))) -> MISSING HISTORICAL DATA | S12: Appendix I, Method No. 01 | T12: https://datafiles.chinhphu.vn/cpp/files/vbpq/2025/6/10-vbhn-bnnmt-kem.pdf
A13: F006 | B13: Công ty TNHH Điện Lực AES Mông Dương - Nhà máy nhiệt điện Mông Dương II | C13: Thermal power | D13: 2026 | E13: =D13-3 -> 2023 | F13: =D13-1 -> 2025 | G13: =IF(COUNTIFS(HISTORICAL_DATA!$A$2:$A$441,$A13,HISTORICAL_DATA!$D$2:$D$441,">="&$E13,HISTORICAL_DATA!$D$2:$D$441,"<="&$F13,HISTORICAL_DATA!$E$2:$E$441,"<>")<3,"",SUMIFS(HISTORICAL_DATA!$E$2:$E$441,HISTORICAL_DATA!$A$2:$A$441,$A13,HISTORICAL_DATA!$D$2:$D$441,">="&$E13,HISTORICAL_DATA!$D$2:$D$441,"<="&$F13)/3) | H13: =IF(COUNTIFS(HISTORICAL_DATA!$A$2:$A$441,$A13,HISTORICAL_DATA!$D$2:$D$441,">="&$E13,HISTORICAL_DATA!$D$2:$D$441,"<="&$F13,HISTORICAL_DATA!$G$2:$G$441,"<>")<3,"",SUMIFS(HISTORICAL_DATA!$G$2:$G$441,HISTORICAL_DATA!$A$2:$A$441,$A13,HISTORICAL_DATA!$D$2:$D$441,">="&$E13,HISTORICAL_DATA!$D$2:$D$441,"<="&$F13)/3) | I13: =IF(OR(G13="",H13=""),"FACILITY DATA MISSING",IF(AND(COUNTIFS($C$2:$C$221,C13,$D$2:$D$221,D13,$G$2:$G$221,"<>")=COUNTIF(OFFICIAL_ALLOCATIONS!$C$2:$C$111,C13),COUNTIFS($C$2:$C$221,C13,$D$2:$D$221,D13,$H$2:$H$221,"<>")=COUNTIF(OFFICIAL_ALLOCATIONS!$C$2:$C$111,C13)),"COMPLETE","SECTOR DATA INCOMPLETE")) -> FACILITY DATA MISSING | J13: =IF(I13<>"COMPLETE","",IFERROR(SUMIFS($H$2:$H$221,$C$2:$C$221,C13,$D$2:$D$221,D13)/SUMIFS($G$2:$G$221,$C$2:$C$221,C13,$D$2:$D$221,D13),"")) | K13: =IF(COUNTIFS(POLICY_PARAMETERS!$B$2:$B$13,"g",POLICY_PARAMETERS!$E$2:$E$13,C13,POLICY_PARAMETERS!$F$2:$F$13,D13,POLICY_PARAMETERS!$G$2:$G$13,"<>")=0,"",SUMIFS(POLICY_PARAMETERS!$G$2:$G$13,POLICY_PARAMETERS!$B$2:$B$13,"g",POLICY_PARAMETERS!$E$2:$E$13,C13,POLICY_PARAMETERS!$F$2:$F$13,D13)) | L13: =IF(COUNTIFS(POLICY_PARAMETERS!$B$2:$B$13,"r",POLICY_PARAMETERS!$E$2:$E$13,C13,POLICY_PARAMETERS!$F$2:$F$13,D13,POLICY_PARAMETERS!$G$2:$G$13,"<>")=0,"",SUMIFS(POLICY_PARAMETERS!$G$2:$G$13,POLICY_PARAMETERS!$B$2:$B$13,"r",POLICY_PARAMETERS!$E$2:$E$13,C13,POLICY_PARAMETERS!$F$2:$F$13,D13)) | M13: =IF(OR(K13="",L13=""),"",(1+K13)*(1-L13)) | N13: =IF(OR(G13="",J13="",M13=""),"",G13*J13*M13) | O13: =IF(D13=2025,IFERROR(VLOOKUP(A13,OFFICIAL_ALLOCATIONS!$A$2:$F$111,5,FALSE),""),IFERROR(VLOOKUP(A13,OFFICIAL_ALLOCATIONS!$A$2:$F$111,6,FALSE),"")) -> 13354978 | P13: =IF(OR(N13="",O13=""),"",N13-O13) | Q13: =IF(OR(P13="",O13=0),"",P13/O13) | R13: =IF(OR(G13="",H13=""),"MISSING HISTORICAL DATA",IF(I13<>"COMPLETE","INCOMPLETE SECTOR DATA",IF(OR(K13="",L13=""),"MISSING VERIFIED g/r",IF(N13="","NOT READY","READY")))) -> MISSING HISTORICAL DATA | S13: Appendix I, Method No. 01 | T13: https://datafiles.chinhphu.vn/cpp/files/vbpq/2025/6/10-vbhn-bnnmt-kem.pdf
A14: F007 | B14: Công ty Nhiệt điện Đông Triều - TKV - Nhà máy nhiệt điện Mạo Khê | C14: Thermal power | D14: 2025 | E14: =D14-3 -> 2022 | F14: =D14-1 -> 2024 | G14: =IF(COUNTIFS(HISTORICAL_DATA!$A$2:$A$441,$A14,HISTORICAL_DATA!$D$2:$D$441,">="&$E14,HISTORICAL_DATA!$D$2:$D$441,"<="&$F14,HISTORICAL_DATA!$E$2:$E$441,"<>")<3,"",SUMIFS(HISTORICAL_DATA!$E$2:$E$441,HISTORICAL_DATA!$A$2:$A$441,$A14,HISTORICAL_DATA!$D$2:$D$441,">="&$E14,HISTORICAL_DATA!$D$2:$D$441,"<="&$F14)/3) | H14: =IF(COUNTIFS(HISTORICAL_DATA!$A$2:$A$441,$A14,HISTORICAL_DATA!$D$2:$D$441,">="&$E14,HISTORICAL_DATA!$D$2:$D$441,"<="&$F14,HISTORICAL_DATA!$G$2:$G$441,"<>")<3,"",SUMIFS(HISTORICAL_DATA!$G$2:$G$441,HISTORICAL_DATA!$A$2:$A$441,$A14,HISTORICAL_DATA!$D$2:$D$441,">="&$E14,HISTORICAL_DATA!$D$2:$D$441,"<="&$F14)/3) | I14: =IF(OR(G14="",H14=""),"FACILITY DATA MISSING",IF(AND(COUNTIFS($C$2:$C$221,C14,$D$2:$D$221,D14,$G$2:$G$221,"<>")=COUNTIF(OFFICIAL_ALLOCATIONS!$C$2:$C$111,C14),COUNTIFS($C$2:$C$221,C14,$D$2:$D$221,D14,$H$2:$H$221,"<>")=COUNTIF(OFFICIAL_ALLOCATIONS!$C$2:$C$111,C14)),"COMPLETE","SECTOR DATA INCOMPLETE")) -> FACILITY DATA MISSING | J14: =IF(I14<>"COMPLETE","",IFERROR(SUMIFS($H$2:$H$221,$C$2:$C$221,C14,$D$2:$D$221,D14)/SUMIFS($G$2:$G$221,$C$2:$C$221,C14,$D$2:$D$221,D14),"")) | K14: =IF(COUNTIFS(POLICY_PARAMETERS!$B$2:$B$13,"g",POLICY_PARAMETERS!$E$2:$E$13,C14,POLICY_PARAMETERS!$F$2:$F$13,D14,POLICY_PARAMETERS!$G$2:$G$13,"<>")=0,"",SUMIFS(POLICY_PARAMETERS!$G$2:$G$13,POLICY_PARAMETERS!$B$2:$B$13,"g",POLICY_PARAMETERS!$E$2:$E$13,C14,POLICY_PARAMETERS!$F$2:$F$13,D14)) | L14: =IF(COUNTIFS(POLICY_PARAMETERS!$B$2:$B$13,"r",POLICY_PARAMETERS!$E$2:$E$13,C14,POLICY_PARAMETERS!$F$2:$F$13,D14,POLICY_PARAMETERS!$G$2:$G$13,"<>")=0,"",SUMIFS(POLICY_PARAMETERS!$G$2:$G$13,POLICY_PARAMETERS!$B$2:$B$13,"r",POLICY_PARAMETERS!$E$2:$E$13,C14,POLICY_PARAMETERS!$F$2:$F$13,D14)) | M14: =IF(OR(K14="",L14=""),"",(1+K14)*(1-L14)) | N14: =IF(OR(G14="",J14="",M14=""),"",G14*J14*M14) | O14: =IF(D14=2025,IFERROR(VLOOKUP(A14,OFFICIAL_ALLOCATIONS!$A$2:$F$111,5,FALSE),""),IFERROR(VLOOKUP(A14,OFFICIAL_ALLOCATIONS!$A$2:$F$111,6,FALSE),"")) -> 4436759 | P14: =IF(OR(N14="",O14=""),"",N14-O14) | Q14: =IF(OR(P14="",O14=0),"",P14/O14) | R14: =IF(OR(G14="",H14=""),"MISSING HISTORICAL DATA",IF(I14<>"COMPLETE","INCOMPLETE SECTOR DATA",IF(OR(K14="",L14=""),"MISSING VERIFIED g/r",IF(N14="","NOT READY","READY")))) -> MISSING HISTORICAL DATA | S14: Appendix I, Method No. 01 | T14: https://datafiles.chinhphu.vn/cpp/files/vbpq/2025/6/10-vbhn-bnnmt-kem.pdf
... A221: F110 | B221: Công ty TNHH Duyên Hà, Nhà máy xi măng Duyên Hà | C221: Cement | D221: 2026 | E221: =D221-3 -> 2023 | F221: =D221-1 -> 2025 | G221: =IF(COUNTIFS(HISTORICAL_DATA!$A$2:$A$441,$A221,HISTORICAL_DATA!$D$2:$D$441,">="&$E221,HISTORICAL_DATA!$D$2:$D$441,"<="&$F221,HISTORICAL_DATA!$E$2:$E$441,"<>")<3,"",SUMIFS(HISTORICAL_DATA!$E$2:$E$441,HISTORICAL_DATA!$A$2:$A$441,$A221,HISTORICAL_DATA!$D$2:$D$441,">="&$E221,HISTORICAL_DATA!$D$2:$D$441,"<="&$F221)/3) | H221: =IF(COUNTIFS(HISTORICAL_DATA!$A$2:$A$441,$A221,HISTORICAL_DATA!$D$2:$D$441,">="&$E221,HISTORICAL_DATA!$D$2:$D$441,"<="&$F221,HISTORICAL_DATA!$G$2:$G$441,"<>")<3,"",SUMIFS(HISTORICAL_DATA!$G$2:$G$441,HISTORICAL_DATA!$A$2:$A$441,$A221,HISTORICAL_DATA!$D$2:$D$441,">="&$E221,HISTORICAL_DATA!$D$2:$D$441,"<="&$F221)/3) | I221: =IF(OR(G221="",H221=""),"FACILITY DATA MISSING",IF(AND(COUNTIFS($C$2:$C$221,C221,$D$2:$D$221,D221,$G$2:$G$221,"<>")=COUNTIF(OFFICIAL_ALLOCATIONS!$C$2:$C$111,C221),COUNTIFS($C$2:$C$221,C221,$D$2:$D$221,D221,$H$2:$H$221,"<>")=COUNTIF(OFFICIAL_ALLOCATIONS!$C$2:$C$111,C221)),"COMPLETE","SECTOR DATA INCOMPLETE")) -> FACILITY DATA MISSING | J221: =IF(I221<>"COMPLETE","",IFERROR(SUMIFS($H$2:$H$221,$C$2:$C$221,C221,$D$2:$D$221,D221)/SUMIFS($G$2:$G$221,$C$2:$C$221,C221,$D$2:$D$221,D221),"")) | K221: =IF(COUNTIFS(POLICY_PARAMETERS!$B$2:$B$13,"g",POLICY_PARAMETERS!$E$2:$E$13,C221,POLICY_PARAMETERS!$F$2:$F$13,D221,POLICY_PARAMETERS!$G$2:$G$13,"<>")=0,"",SUMIFS(POLICY_PARAMETERS!$G$2:$G$13,POLICY_PARAMETERS!$B$2:$B$13,"g",POLICY_PARAMETERS!$E$2:$E$13,C221,POLICY_PARAMETERS!$F$2:$F$13,D221)) | L221: =IF(COUNTIFS(POLICY_PARAMETERS!$B$2:$B$13,"r",POLICY_PARAMETERS!$E$2:$E$13,C221,POLICY_PARAMETERS!$F$2:$F$13,D221,POLICY_PARAMETERS!$G$2:$G$13,"<>")=0,"",SUMIFS(POLICY_PARAMETERS!$G$2:$G$13,POLICY_PARAMETERS!$B$2:$B$13,"r",POLICY_PARAMETERS!$E$2:$E$13,C221,POLICY_PARAMETERS!$F$2:$F$13,D221)) | M221: =IF(OR(K221="",L221=""),"",(1+K221)*(1-L221)) | N221: =IF(OR(G221="",J221="",M221=""),"",G221*J221*M221) | O221: =IF(D221=2025,IFERROR(VLOOKUP(A221,OFFICIAL_ALLOCATIONS!$A$2:$F$111,5,FALSE),""),IFERROR(VLOOKUP(A221,OFFICIAL_ALLOCATIONS!$A$2:$F$111,6,FALSE),"")) -> 1448956 | P221: =IF(OR(N221="",O221=""),"",N221-O221) | Q221: =IF(OR(P221="",O221=0),"",P221/O221) | R221: =IF(OR(G221="",H221=""),"MISSING HISTORICAL DATA",IF(I221<>"COMPLETE","INCOMPLETE SECTOR DATA",IF(OR(K221="",L221=""),"MISSING VERIFIED g/r",IF(N221="","NOT READY","READY")))) -> MISSING HISTORICAL DATA | S221: Appendix I, Method No. 01 | T221: https://datafiles.chinhphu.vn/cpp/files/vbpq/2025/6/10-vbhn-bnnmt-kem.pdf

Sheet POLICY_PARAMETERS
A1: Parameter ID | B1: Symbol | C1: Parameter Name (English) | D1: Tên tham số (Tiếng Việt) | E1: Sector | F1: Allocation Year | G1: Value | H1: Unit | I1: Parameter Type | J1: Verification Status | K1: Source | L1: Notes
A2: PP001 | B2: g | C2: Sector growth target | D2: Mục tiêu tăng trưởng của lĩnh vực | E2: Thermal power | F2: 2025 | H2: % | I2: Policy parameter | J2: VALUE NOT ENTERED — source/value not verified in workbook | K2: https://datafiles.chinhphu.vn/cpp/files/vbpq/2025/6/10-vbhn-bnnmt-kem.pdf | L2: Definition is verified under Method No. 01. Do not populate an official value without a citable source.
A3: PP002 | B3: r | C3: Sector GHG reduction target | D3: Mục tiêu giảm phát thải khí nhà kính của lĩnh vực | E3: Thermal power | F3: 2025 | H3: % | I3: Policy parameter | J3: VALUE NOT ENTERED — source/value not verified in workbook | K3: https://datafiles.chinhphu.vn/cpp/files/vbpq/2025/6/10-vbhn-bnnmt-kem.pdf | L3: Definition is verified under Method No. 01. Do not populate an official value without a citable source.
A4: PP003 | B4: g | C4: Sector growth target | D4: Mục tiêu tăng trưởng của lĩnh vực | E4: Thermal power | F4: 2026 | H4: % | I4: Policy parameter | J4: VALUE NOT ENTERED — source/value not verified in workbook | K4: https://datafiles.chinhphu.vn/cpp/files/vbpq/2025/6/10-vbhn-bnnmt-kem.pdf | L4: Definition is verified under Method No. 01. Do not populate an official value without a citable source.
A5: PP004 | B5: r | C5: Sector GHG reduction target | D5: Mục tiêu giảm phát thải khí nhà kính của lĩnh vực | E5: Thermal power | F5: 2026 | H5: % | I5: Policy parameter | J5: VALUE NOT ENTERED — source/value not verified in workbook | K5: https://datafiles.chinhphu.vn/cpp/files/vbpq/2025/6/10-vbhn-bnnmt-kem.pdf | L5: Definition is verified under Method No. 01. Do not populate an official value without a citable source.
A6: PP005 | B6: g | C6: Sector growth target | D6: Mục tiêu tăng trưởng của lĩnh vực | E6: Iron & steel | F6: 2025 | H6: % | I6: Policy parameter | J6: VALUE NOT ENTERED — source/value not verified in workbook | K6: https://datafiles.chinhphu.vn/cpp/files/vbpq/2025/6/10-vbhn-bnnmt-kem.pdf | L6: Definition is verified under Method No. 01. Do not populate an official value without a citable source.
A7: PP006 | B7: r | C7: Sector GHG reduction target | D7: Mục tiêu giảm phát thải khí nhà kính của lĩnh vực | E7: Iron & steel | F7: 2025 | H7: % | I7: Policy parameter | J7: VALUE NOT ENTERED — source/value not verified in workbook | K7: https://datafiles.chinhphu.vn/cpp/files/vbpq/2025/6/10-vbhn-bnnmt-kem.pdf | L7: Definition is verified under Method No. 01. Do not populate an official value without a citable source.
A8: PP007 | B8: g | C8: Sector growth target | D8: Mục tiêu tăng trưởng của lĩnh vực | E8: Iron & steel | F8: 2026 | H8: % | I8: Policy parameter | J8: VALUE NOT ENTERED — source/value not verified in workbook | K8: https://datafiles.chinhphu.vn/cpp/files/vbpq/2025/6/10-vbhn-bnnmt-kem.pdf | L8: Definition is verified under Method No. 01. Do not populate an official value without a citable source.
A9: PP008 | B9: r | C9: Sector GHG reduction target | D9: Mục tiêu giảm phát thải khí nhà kính của lĩnh vực | E9: Iron & steel | F9: 2026 | H9: % | I9: Policy parameter | J9: VALUE NOT ENTERED — source/value not verified in workbook | K9: https://datafiles.chinhphu.vn/cpp/files/vbpq/2025/6/10-vbhn-bnnmt-kem.pdf | L9: Definition is verified under Method No. 01. Do not populate an official value without a citable source.
A10: PP009 | B10: g | C10: Sector growth target | D10: Mục tiêu tăng trưởng của lĩnh vực | E10: Cement | F10: 2025 | H10: % | I10: Policy parameter | J10: VALUE NOT ENTERED — source/value not verified in workbook | K10: https://datafiles.chinhphu.vn/cpp/files/vbpq/2025/6/10-vbhn-bnnmt-kem.pdf | L10: Definition is verified under Method No. 01. Do not populate an official value without a citable source.
A11: PP010 | B11: r | C11: Sector GHG reduction target | D11: Mục tiêu giảm phát thải khí nhà kính của lĩnh vực | E11: Cement | F11: 2025 | H11: % | I11: Policy parameter | J11: VALUE NOT ENTERED — source/value not verified in workbook | K11: https://datafiles.chinhphu.vn/cpp/files/vbpq/2025/6/10-vbhn-bnnmt-kem.pdf | L11: Definition is verified under Method No. 01. Do not populate an official value without a citable source.
A12: PP011 | B12: g | C12: Sector growth target | D12: Mục tiêu tăng trưởng của lĩnh vực | E12: Cement | F12: 2026 | H12: % | I12: Policy parameter | J12: VALUE NOT ENTERED — source/value not verified in workbook | K12: https://datafiles.chinhphu.vn/cpp/files/vbpq/2025/6/10-vbhn-bnnmt-kem.pdf | L12: Definition is verified under Method No. 01. Do not populate an official value without a citable source.
A13: PP012 | B13: r | C13: Sector GHG reduction target | D13: Mục tiêu giảm phát thải khí nhà kính của lĩnh vực | E13: Cement | F13: 2026 | H13: % | I13: Policy parameter | J13: VALUE NOT ENTERED — source/value not verified in workbook | K13: https://datafiles.chinhphu.vn/cpp/files/vbpq/2025/6/10-vbhn-bnnmt-kem.pdf | L13: Definition is verified under Method No. 01. Do not populate an official value without a citable source.

Sheet REGULATORY_SCOPE
A1: Rule ID | B1: Module | C1: Facility Category / Sector | D1: Trigger / Scope | E1: Threshold / Condition | F1: Result if met | G1: Legal Basis | H1: Effective / Time Scope | I1: Source URL | J1: Implementation Note
A2: INV-01 | B2: Inventory | C2: All facilities | D2: Annual GHG emissions | E2: ≥ 3,000 tCO2e/year | F2: Meets inventory criterion | G2: 48/VBHN-BNNMT, Article 6(1) | H2: Current rule | I2: https://datafiles.chinhphu.vn/cpp/files/vbpq/2026/4/48-vbhn-bnnmt.pdf | J2: For a definitive list-based answer, also check the effective Prime Minister inventory list.
A3: INV-02 | B3: Inventory | C3: Thermal power / industrial production | D3: Annual energy consumption | E3: ≥ 1,000 TOE/year | F3: Meets inventory criterion | G3: 48/VBHN-BNNMT, Article 6(1)(a) | H3: Current rule | I3: https://datafiles.chinhphu.vn/cpp/files/vbpq/2026/4/48-vbhn-bnnmt.pdf | J3: Do not apply this energy threshold to unrelated facility categories.
A4: INV-03 | B4: Inventory | C4: Freight transport company | D4: Annual fuel consumption | E4: ≥ 1,000 TOE/year | F4: Meets inventory criterion | G4: 48/VBHN-BNNMT, Article 6(1)(b) | H4: Current rule | I4: https://datafiles.chinhphu.vn/cpp/files/vbpq/2026/4/48-vbhn-bnnmt.pdf | J4: Use fuel consumption in TOE.
A5: INV-04 | B5: Inventory | C5: Commercial building | D5: Annual energy consumption | E5: ≥ 1,000 TOE/year | F5: Meets inventory criterion | G5: 48/VBHN-BNNMT, Article 6(1)(c) | H5: Current rule | I5: https://datafiles.chinhphu.vn/cpp/files/vbpq/2026/4/48-vbhn-bnnmt.pdf | J5: Use annual energy consumption.
A6: INV-05 | B6: Inventory | C6: Solid waste treatment facility | D6: Annual operating capacity | E6: ≥ 65,000 tonnes/year | F6: Meets inventory criterion | G6: 48/VBHN-BNNMT, Article 6(1)(d) | H6: Current rule | I6: https://datafiles.chinhphu.vn/cpp/files/vbpq/2026/4/48-vbhn-bnnmt.pdf | J6: Capacity criterion, not annual emissions.
A7: LIST-13 | B7: Inventory list | C7: All listed facilities | D7: Official list membership | E7: Decision 13/2024/QĐ-TTg | F7: Inventory-list obligation | G7: Decision 13/2024/QĐ-TTg | H7: Effective 01/10/2024 through 24/09/2026 | I7: https://vanban.chinhphu.vn/?classid=1&docid=210939&pageid=27160&typegroupid=5 | J7: As of 13/09/2026 this is the effective inventory list.
A8: LIST-42 | B8: Inventory list | C8: All listed facilities | D8: Official list membership | E8: Decision 42/2026/QĐ-TTg | F8: Inventory-list obligation | G8: Decision 42/2026/QĐ-TTg, Article 3 | H8: Effective from 25/09/2026 | I8: https://vanban.chinhphu.vn/?classid=1&docid=219154&pageid=27160&typegroupid=5 | J8: Replaces Decision 13/2024/QĐ-TTg from its effective date.
A9: ETS-01 | B9: Quota allocation | C9: Thermal power; iron & steel; cement | D9: 2025-2026 pilot scope | E9: Facility must be in the relevant inventory list and be allocated under Decision 699/QĐ-BNNMT | F9: Quota obligation for pilot phase | G9: 48/VBHN-BNNMT, Article 12(1); Decision 699/QĐ-BNNMT | H9: 2025-2026 | I9: https://dcc.mae.gov.vn/Pages/chi-tiet-tin-DCC.aspx?ItemID=3881&cm=0&mn=0 | J9: Inventory obligation alone does not mean the facility has a quota obligation.
A10: ETS-02 | B10: Allocation method | C10: Thermal power | D10: Product basis | E10: Electricity, kWh | F10: Use in P_avg and B | G10: Appendix I, Method No. 01 | H10: 2025-2026 method | I10: https://datafiles.chinhphu.vn/cpp/files/vbpq/2025/6/10-vbhn-bnnmt-kem.pdf | J10: Historical window = y-1, y-2, y-3.
A11: ETS-03 | B11: Allocation method | C11: Iron & steel | D11: Product basis | E11: Crude steel, tonnes | F11: Use in P_avg and B | G11: Appendix I, Method No. 01 | H11: 2025-2026 method | I11: https://datafiles.chinhphu.vn/cpp/files/vbpq/2025/6/10-vbhn-bnnmt-kem.pdf | J11: Historical window = y-1, y-2, y-3.
A12: ETS-04 | B12: Allocation method | C12: Cement | D12: Product basis | E12: Clinker, tonnes | F12: Use in P_avg and B | G12: Appendix I, Method No. 01 | H12: 2025-2026 method | I12: https://datafiles.chinhphu.vn/cpp/files/vbpq/2025/6/10-vbhn-bnnmt-kem.pdf | J12: Historical window = y-1, y-2, y-3.
... A15: COMP-03 | B15: Compliance | C15: Allocated facilities | D15: Borrowing from next phase | E15: ≤ 15% of allowances allocated for current phase | F15: Maximum eligible borrowing | G15: 48/VBHN-BNNMT, Article 19(6) | H15: Through end-2030 | I15: https://datafiles.chinhphu.vn/cpp/files/vbpq/2026/4/48-vbhn-bnnmt.pdf | J15: Borrowed allowances cannot be used for exchange.

Sheet OFFICIAL_ALLOCATIONS
A1: Facility ID | B1: Facility Name | C1: Sector | D1: Tax ID | E1: Official Allocation 2025 (tCO2e) | F1: Official Allocation 2026 (tCO2e) | G1: Legal Source | H1: Data Status | I1: Notes
A2: ="F"&TEXT(ROW()-1,"000") -> F001 | B2: =CLEAN_699!B2 -> Công ty nhiệt điện Na Dương | C2: ="Thermal power" -> Thermal power | D2: =CLEAN_699!D2 -> 0104297034-001 | E2: =CLEAN_699!F2 -> 1035566 | F2: =CLEAN_699!G2 -> 1134493 | G2: ="Decision 699/QĐ-BNNMT" -> Decision 699/QĐ-BNNMT | H2: ="Official" -> Official | I2: ="Official allocation under Decision 699/QĐ-BNNMT" -> Official allocation under Decision 699/QĐ-BNNMT
A3: ="F"&TEXT(ROW()-1,"000") -> F002 | B3: =CLEAN_699!B3 -> Công ty nhiệt điện Sơn động Việt Nam | C3: ="Thermal power" -> Thermal power | D3: =CLEAN_699!D3 -> 0104297034-003 | E3: =CLEAN_699!F3 -> 2032458 | F3: =CLEAN_699!G3 -> 2226618 | G3: ="Decision 699/QĐ-BNNMT" -> Decision 699/QĐ-BNNMT | H3: ="Official" -> Official | I3: ="Official allocation under Decision 699/QĐ-BNNMT" -> Official allocation under Decision 699/QĐ-BNNMT
A4: ="F"&TEXT(ROW()-1,"000") -> F003 | B4: =CLEAN_699!B4 -> Công ty Nhiệt điện Uông Bí | C4: ="Thermal power" -> Thermal power | D4: =CLEAN_699!D4 -> 5701662152-010 | E4: =CLEAN_699!F4 -> 5691098 | F4: =CLEAN_699!G4 -> 6234766 | G4: ="Decision 699/QĐ-BNNMT" -> Decision 699/QĐ-BNNMT | H4: ="Official" -> Official | I4: ="Official allocation under Decision 699/QĐ-BNNMT" -> Official allocation under Decision 699/QĐ-BNNMT
A5: ="F"&TEXT(ROW()-1,"000") -> F004 | B5: =CLEAN_699!B5 -> Công ty Cổ phần Nhiệt điện Quảng Ninh | C5: ="Thermal power" -> Thermal power | D5: =CLEAN_699!D5 -> 5700434869 | E5: =CLEAN_699!F5 -> 11097421 | F5: =CLEAN_699!G5 -> 12157553 | G5: ="Decision 699/QĐ-BNNMT" -> Decision 699/QĐ-BNNMT | H5: ="Official" -> Official | I5: ="Official allocation under Decision 699/QĐ-BNNMT" -> Official allocation under Decision 699/QĐ-BNNMT
A6: ="F"&TEXT(ROW()-1,"000") -> F005 | B6: =CLEAN_699!B6 -> Công ty Nhiệt điện Cẩm Phả - TKV | C6: ="Thermal power" -> Thermal power | D6: =CLEAN_699!D6 -> 0104297034-008 | E6: =CLEAN_699!F6 -> 3585092 | F6: =CLEAN_699!G6 -> 3927575 | G6: ="Decision 699/QĐ-BNNMT" -> Decision 699/QĐ-BNNMT | H6: ="Official" -> Official | I6: ="Official allocation under Decision 699/QĐ-BNNMT" -> Official allocation under Decision 699/QĐ-BNNMT
A7: ="F"&TEXT(ROW()-1,"000") -> F006 | B7: =CLEAN_699!B7 -> Công ty TNHH Điện Lực AES Mông Dương - Nhà máy nhiệt điện Mông Dương II | C7: ="Thermal power" -> Thermal power | D7: =CLEAN_699!D7 -> 5701384498 | E7: =CLEAN_699!F7 -> 12190431 | F7: =CLEAN_699!G7 -> 13354978 | G7: ="Decision 699/QĐ-BNNMT" -> Decision 699/QĐ-BNNMT | H7: ="Official" -> Official | I7: ="Official allocation under Decision 699/QĐ-BNNMT" -> Official allocation under Decision 699/QĐ-BNNMT
A8: ="F"&TEXT(ROW()-1,"000") -> F007 | B8: =CLEAN_699!B8 -> Công ty Nhiệt điện Đông Triều - TKV - Nhà máy nhiệt điện Mạo Khê | C8: ="Thermal power" -> Thermal power | D8: =CLEAN_699!D8 -> 0104297034-006 | E8: =CLEAN_699!F8 -> 4436759 | F8: =CLEAN_699!G8 -> 4860601 | G8: ="Decision 699/QĐ-BNNMT" -> Decision 699/QĐ-BNNMT | H8: ="Official" -> Official | I8: ="Official allocation under Decision 699/QĐ-BNNMT" -> Official allocation under Decision 699/QĐ-BNNMT
A9: ="F"&TEXT(ROW()-1,"000") -> F008 | B9: =CLEAN_699!B9 -> Nhà máy nhiệt điện Mông Dương I - Công ty Nhiệt điện Mông Dương | C9: ="Thermal power" -> Thermal power | D9: =CLEAN_699!D9 -> 3502208399-008 | E9: =CLEAN_699!F9 -> 9556403 | F9: =CLEAN_699!G9 -> 10469322 | G9: ="Decision 699/QĐ-BNNMT" -> Decision 699/QĐ-BNNMT | H9: ="Official" -> Official | I9: ="Official allocation under Decision 699/QĐ-BNNMT" -> Official allocation under Decision 699/QĐ-BNNMT
A10: ="F"&TEXT(ROW()-1,"000") -> F009 | B10: =CLEAN_699!B10 -> Công ty Cổ phần Nhiệt điện Hải Phòng | C10: ="Thermal power" -> Thermal power | D10: =CLEAN_699!D10 -> 200493225 | E10: =CLEAN_699!F10 -> 10239469 | F10: =CLEAN_699!G10 -> 11217642 | G10: ="Decision 699/QĐ-BNNMT" -> Decision 699/QĐ-BNNMT | H10: ="Official" -> Official | I10: ="Official allocation under Decision 699/QĐ-BNNMT" -> Official allocation under Decision 699/QĐ-BNNMT
A11: ="F"&TEXT(ROW()-1,"000") -> F010 | B11: =CLEAN_699!B11 -> Nhà máy điện Nghi Sơn 1 | C11: ="Thermal power" -> Thermal power | D11: =CLEAN_699!D11 -> 5701662152-011 | E11: =CLEAN_699!F11 -> 5036163 | F11: =CLEAN_699!G11 -> 5517266 | G11: ="Decision 699/QĐ-BNNMT" -> Decision 699/QĐ-BNNMT | H11: ="Official" -> Official | I11: ="Official allocation under Decision 699/QĐ-BNNMT" -> Official allocation under Decision 699/QĐ-BNNMT
A12: ="F"&TEXT(ROW()-1,"000") -> F011 | B12: =CLEAN_699!B12 -> Công ty Điện lực Dầu khí Hà Tĩnh | C12: ="Thermal power" -> Thermal power | D12: =CLEAN_699!D12 -> 0102276173-007 | E12: =CLEAN_699!F12 -> 7214687 | F12: =CLEAN_699!G12 -> 7903903 | G12: ="Decision 699/QĐ-BNNMT" -> Decision 699/QĐ-BNNMT | H12: ="Official" -> Official | I12: ="Official allocation under Decision 699/QĐ-BNNMT" -> Official allocation under Decision 699/QĐ-BNNMT
A13: ="F"&TEXT(ROW()-1,"000") -> F012 | B13: =CLEAN_699!B13 -> Công ty TNHH Hưng Nghiệp Formosa | C13: ="Thermal power" -> Thermal power | D13: =CLEAN_699!D13 -> 3600517557 | E13: =CLEAN_699!F13 -> 2558365 | F13: =CLEAN_699!G13 -> 2802764 | G13: ="Decision 699/QĐ-BNNMT" -> Decision 699/QĐ-BNNMT | H13: ="Official" -> Official | I13: ="Official allocation under Decision 699/QĐ-BNNMT" -> Official allocation under Decision 699/QĐ-BNNMT
... A111: ="F"&TEXT(ROW()-1,"000") -> F110 | B111: =CLEAN_699!B111 -> Công ty TNHH Duyên Hà, Nhà máy xi măng Duyên Hà | C111: ="Thermal power" -> Thermal power | D111: =CLEAN_699!D111 -> 0100520789-002 | E111: =CLEAN_699!F111 -> 1324157 | F111: =CLEAN_699!G111 -> 1448956 | G111: ="Decision 699/QĐ-BNNMT" -> Decision 699/QĐ-BNNMT | H111: ="Official" -> Official | I111: ="Official allocation under Decision 699/QĐ-BNNMT" -> Official allocation under Decision 699/QĐ-BNNMT

Sheet RAW_699
A1: STT | B1: Tên cơ sở | C1: Địa chỉ | D1: Mã số thuế | E1: Người đại diện pháp luật | F1: Hạn ngạch 2025 (tCO2e) | G1: Hạn ngạch 2026 (tCO2e)
A2: I | B2: Các nhà máy nhiệt điện
A3: 1 | B3: Công ty nhiệt điện Na Dương | C3: Thị trấn Na Dương, huyện Lộc Bình, tỉnh Lang Sơn | D3: 0104297034-001 | E3: Phạm Đức Tuyên | F3: 1,035,566 | G3: 1,134,493
A4: 2 | B4: Công ty nhiệt điện Sơn động Việt Nam | C4: Thị trấn Tây Yên Tử, huyện Sơn Đông, tỉnh Bắc Giang | D4: 0104297034-003 | E4: Dương Hồng Đường | F4: 2,032,458 | G4: 2,226,618
A5: 3 | B5: Công ty Nhiệt điện Uông Bí | C5: Khu 6, Quang Trung, thành phố Uông Bí, tỉnh Quảng Ninh | D5: 5701662152-010 | E5: Đỗ Trung Kiên | F5: 5,691,098 | G5: 6,234,766
A6: 4 | B6: Công ty Cổ phần Nhiệt điện Quảng Ninh | C6: T33K5, phường Hà Khánh, Hạ Long, tỉnh Quảng Ninh | D6: 5700434869 | E6: Nguyễn Việt Dũng | F6: 11,097,421 | G6: 12,157,553
A7: 5 | B7: Công ty Nhiệt điện Cẩm Phả - TKV | C7: Tổ 4, khu 4A, Phường Cẩm Thịnh, Cẩm Phả, tỉnh Quảng Ninh | D7: 0104297034-008 | E7: Trần Văn Hoan | F7: 3,585,092 | G7: 3,927,575
A8: 6 | B8: Công ty TNHH Điện Lực AES Mông Dương - Nhà máy nhiệt điện Mông Dương II | C8: Khu 8, phường Mông Dương, Cẩm Phả, tỉnh Quảng Ninh | D8: 5701384498 | E8: Oliver Robert Jean Marquette | F8: 12,190,431 | G8: 13,354,978
A9: 7 | B9: Công ty Nhiệt điện Đông Triều - TKV - Nhà máy nhiệt điện Mạo Khê | C9: Thôn Đồng Sơn, xã Bình Khê, Đông Triều, tỉnh Quảng Ninh | D9: 0104297034-006 | E9: Nguyễn Đình Tuấn | F9: 4,436,759 | G9: 4,860,601
A10: 8 | B10: Nhà máy nhiệt điện Mông Dương I - Công ty Nhiệt điện Mông Dương | C10: Phường Mông Dương, Cẩm Phả, tỉnh Quảng Ninh | D10: 3502208399-008 | E10: Nguyễn Hữu Tuấn | F10: 9,556,403 | G10: 10,469,322
A11: 9 | B11: Công ty Cổ phần Nhiệt điện Hải Phòng | C11: Xã Tam Hưng, huyện Thủy Nguyên, thành phố Hải Phòng | D11: 200493225 | E11: Dương Sơn Bá | F11: 10,239,469 | G11: 11,217,642
A12: 10 | B12: Nhà máy điện Nghi Sơn 1 | C12: Xã Hải Hà, thị xã Nghi Sơn, tỉnh Thanh Hóa | D12: 5701662152-011 | E12: Võ Mạnh Hà | F12: 5,036,163 | G12: 5,517,266
A13: 11 | B13: Công ty Điện lực Dầu khí Hà Tĩnh | C13: Xóm Hải Phong, xã Kỳ Lợi, thị xã Kỳ Anh, tỉnh Hà Tĩnh | D13: 0102276173-007 | E13: Trịnh Bảo Ngọc | F13: 7,214,687 | G13: 7,903,903
A14: 12 | B14: Công ty TNHH Hưng Nghiệp Formosa | C14: KCN Nhơn Trạch III _ Giai đoạn 1, thị trấn Hiệp Phước, huyện Nhơn Trạch, tỉnh Đồng Nai | D14: 3600517557 | E14: Huang Chien Fu | F14: 2,558,365 | G14: 2,802,764
A15: 13 | B15: Công ty TNHH Điện lực Vĩnh Tân 1 (Nhà máy nhiệt điện BOT Vĩnh Tân 1) | C15: Thôn Vĩnh Phúc, xã Vĩnh Tân, huyện Tuy Phong, tỉnh Bình Thuận | D15: 3401060812 | E15: Chen HongPeng | F15: 11,856,608 | G15: 12,989,265
A16: 14 | B16: Công ty Nhiệt điện Vĩnh Tân -CW nhánh TNHH MTV Tổng công ty Phát điện 3 (Nhà máy nhiệt điện Vĩnh Tân 2) | C16: Thôn Vĩnh Phúc, xã Vĩnh Tân, huyện Tuy Phong, tỉnh Bình Thuận | D16: 3502208399-007 | E16: Thiên Thanh Sơn | F16: 10,530,658 | G16: 11,536,648
A17: 15 | B17: Nhà máy nhiệt điện Vĩnh Tân 4 - 4 Mở rộng - Chi nhánh Tập đoàn Điện lực Việt Nam | C17: Thôn Vĩnh Phúc, xã Vĩnh Tân, huyện Tuy Phong, tỉnh Bình Thuận | D17: 0100100079-088 | E17: Vũ Thanh Hải | F17: 8,528,067 | G17: 9,342,750
A18: 16 | B18: Nhà máy điện Diesel Phú Quý | C18: Thôn Triều Dương, xã Tam Thanh, huyện Phú Qúy, tỉnh Bình Thuận | D18: 0300942001-012 | E18: Phan Sỹ Duy | F18: 21.46 | G18: 23.51
A19: 17 | B19: Nhà máy nhiệt điện Phú Mỹ 1 - Công ty Nhiệt điện Phú Mỹ | C19: Khu công nghiệp Phú Mỹ 1, phường Phú Mỹ, thị xã Phú Mỹ, tỉnh Bà Rịa - Vũng Tàu | D19: 3502208399-010 | E19: Trần Đình Ân | F19: 2,519,925 | G19: 2,760,653
A20: 18 | B20: Nhà máy nhiệt điện Phú Mỹ 2,1 và Phú Mỹ 2,1 mở rộng - Công ty Nhiệt điện Phú Mỹ | C20: Khu công nghiệp Phú Mỹ 1, phường Phú Mỹ, thị xã Phú Mỹ, tỉnh Bà Rịa - Vũng Tàu | D20: 3502208399-010 | E20: Trần Đình Ân | F20: 1,079,828 | G20: 1,182,984
A21: 19 | B21: Nhà máy nhiệt điện Phú Mỹ 4 - Công ty Nhiệt điện Phú Mỹ | C21: Khu công nghiệp Phú Mỹ 1, phường Phú Mỹ, thị xã Phú Mỹ, tỉnh Bà Rịa - Vũng Tàu | D21: 3502208399-010 | E21: Trần Đình Ân | F21: 876.004 | G21: 959.689
A22: 20 | B22: Công ty Cổ phần Nhiệt điện Bà Rịa | C22: Khu phố Hương Giang, phường Long Hương, thành phố Bà Rịa, tỉnh Bà Rịa - Vũng Tàu | D22: 3500701305 | E22: Lê Văn Huy | F22: 68.969 | G22: 75.558
A23: 21 | B23: Nhà máy Điện An Hội | C23: Đường số 16, Khu công nghiệp Phú Mỹ 1, phường Phú Mỹ, thị xã Phú Mỹ, tỉnh Bà Rịa - Vũng Tàu | D23: 0300942001-026 | E23: Nguyễn Văn Giáp | F23: 31.803 | G23: 34.842
A24: 22 | B24: Chi nhánh Tổng Công ty Điện lực Dầu khí Việt Nam - Công ty Cổ phần - Công ty Điện lục Dầu khí Nhơn Trạch | C24: Ấp 3, xã Phước Khánh, huyện Nhơn Trạch, tỉnh Đồng Nai | D24: 0102276173-003 | E24: Nguyễn Thanh Tùng | F24: 407.99 | G24: 446.965
A25: 23 | B25: Nhà máy nhiệt điện VEDAN | C25: TP, Biên Hòa, tỉnh Đồng Nai | D25: 3600239719 | E25: Yang Tou Hisung | F25: 512.653 | G25: 561.627
A26: 24 | B26: Nhà máy nhiệt điện Amata | C26: TP, Biên Hòa, tỉnh Đồng Nai | D26: 3600257958 | E26: Peradach Patanachan | F26: 89 | G26: 97
A27: 25 | B27: Nhà máy nhiệt điện Nhơn Trạch 2 | C27: Huyện Nhơn Trạch, tỉnh Đồng Nai | D27: 3600897316 | E27: Ngô Đức Nhân | F27: 1,617,372 | G27: 1,771,879
A28: 26 | B28: Công ty Nhiệt điện Duyên Hải (Nhà máy Duyên Hải 1) | C28: Xã Dân Thành, thị xã Duyên Hải, tỉnh Trà Vinh | D28: 5701662152-009 | E28: Ngô Văn Sỹ | F28: 9,663,688 | G28: 10,586,856
A29: 27 | B29: Công ty Nhiệt điện Duyên Hải (Nhà máy Duyên Hải 3) | C29: Xã Dân Thành, thị xã Duyên Hải, tỉnh Trà Vinh | D29: 5701662152-009 | E29: Ngô Văn Sỹ | F29: 3,623,243 | G29: 3,969,369
A30: 28 | B30: Công ty Nhiệt điện Duyên Hải (Nhà máy Duyên Hải 3 MR) | C30: Xã Dân Thành, thị xã Duyên Hải, tỉnh Trà Vinh | D30: 5701662152-009 | E30: Ngô Văn Sỹ | F30: 2,728,391 | G30: 2,989,033
A31: 29 | B31: Công ty TNHH gang thép Hưng Nghiệp Formosa Hà Tĩnh | C31: Khu kinh tế Vũng Áng, phường Vũng Áng, tỉnh Hà Tĩnh | D31: 3000437821 | E31: Chen, Chun-Liang | F31: 5,199,840 | G31: 5,696,578
A32: 30 | B32: Công ty Điện lực dầu khí Cà Mau (Nhà máy điện Cà Mau 1) | C32: Xã An Khánh, huyện U Minh, tỉnh Cà Mau | D32: 0102276173-002 | E32: Đoàn Công Đức | F32: 1,006,602 | G32: 1,102,763
A33: 31 | B33: Công ty Điện lực dầu khí Cà Mau (Nhà máy điện Cà Mau 2) | C33: Xã An Khánh, huyện U Minh, tỉnh Cà Mau | D33: 0102276173-002 | E33: Đoàn Công Đức | F33: 1,550,998 | G33: 1,699,164
A34: 32 | B34: Công ty cổ phần nhiệt điện An Khánh | C34: Tổ 22 phường Quang Trung, thành phố Thái Nguyên, tỉnh Thái Nguyên | D34: 4600421021 | E34: Nguyễn Văn Thắng | F34: 924.021 | G34: 1,012,292
A35: 33 | B35: Công ty nhiệt điện Cao Ngạn | C35: Phường Quan Triều, thành phố Thái Nguyên, tỉnh Thái Nguyên | D35: 0104297034-002 | E35: Nguyễn Mạnh Cường | F35: 1,240,305 | G35: 1,358,791
A36: 34 | B36: Ban điều hành nhà máy điện Kiên Hải | C36: Số 287, ấp 2, Hòn Tre, đặc khu Kiên Hải, tỉnh An Giang | D36: 1700403486 | E36: Huỳnh Cao Phướng | F36: 5.539 | G36: 6.068
A37: II | B37: Các cơ sở sản xuất sắt thép (thép thô)
A38: 1 | B38: Công ty TNHH khoáng sản và luyện kim Việt Trung | C38: Khu công nghiệp Tằng Loỏng, huyện Bảo Thắng, tỉnh Lào Cai | D38: 5300232681 | E38: Ngô Sỹ Hiếu | F38: 255.476 | G38: 297.83
A39: 2 | B39: Công ty cổ phần Gang thép Cao Bằng | C39: Số 52, phố Kim Đồng, phường Hợp Giang, thành phố Cao Bằng, tỉnh Cao Bằng | D39: 4800162247 | E39: Nguyễn Văn Phương | F39: 391.158 | G39: 456.006
A40: 3 | B40: Công ty cổ phần luyện thép Việt Ý | C40: Khu công nghiệp cầu Kiền, xã Hoàng Động, huyện Thủy Nguyên, thành phố Hải Phòng | D40: 0900222647-004 | E40: Yasuhiro Yonemura | F40: 33.053 | G40: 38.533
A41: 4 | B41: Công ty cổ phần luyện thép cao cấp Việt Nhật | C41: Khu công nghiệp Nam Cầu Kiền, xã Kiền Bái, huyện Thủy Nguyên, thành phố Hải Phòng | D41: 201572208 | E41: Đặng Việt Bách | F41: 902 | G41: 1.052
A42: 5 | B42: Công ty TNHH MTV Thép Hòa Phát | C42: Khu công nghiệp Phố Nối A, xã Giai Phạm, huyện Yên Mỹ, tỉnh Hưng Yên | D42: 900629369 | E42: Kiều Chí Công | F42: 2.406 | G42: 2.804
A43: 6 | B43: Công ty TNHH Gang Thép Hung Nghiệp Formosa Hà Tĩnh | C43: Khu kinh tế Vũng Áng, phường Kỳ Long, thị xã Kỳ Anh, tỉnh Hà Tĩnh | D43: 3000437821 | E43: Chen, Chun-Liang | F43: 13,666,930 | G43: 15,932,703
A44: 7 | B44: Công ty cổ phần Thép Hòa Phát Dung Quất | C44: Khu kinh tế Dung Quất, xã Bình Đông, huyện Bình Son, tỉnh Quảng Ngãi | D44: 4300793861 | E44: Mai Văn Hà | F44: 11,218,848 | G44: 13,078,765
A45: 8 | B45: Công ty cổ phần Thép Thủ Đức - Vnsteel | C45: Km9 Xa lộ Hà Nội, phường Trường Thọ, thành phố Thủ Đức, thành phố Hồ Chí Minh | D45: 305409326 | E45: Hoàng Đức Hoa | F45: 12.842 | G45: 14.971
A46: 9 | B46: Công ty TNHH thép Tung Ho Việt Nam | C46: Khu công nghiệp Phú Mỹ 2, phường Phú Mỹ, thị xã Phú Mỹ, tỉnh Bà Rịa - Vũng Tàu | D46: 3500791394 | E46: Hou, Wu-Sheng | F46: 52.001 | G46: 60.622
A47: 10 | B47: Nhà máy thép Pomina 2 | C47: Khu công nghiệp Phú Mỹ 1, phường Phú Mỹ, thị xã Phú Mỹ, tỉnh Bà Rịa - Vũng Tàu | D47: 3500793105 | E47: Đỗ Văn Khánh | F47: 14.952 | G47: 17.431
A48: 11 | B48: Công ty TNHH MTV Thép Miền Nam | C48: Khu công nghiệp Phú Mỹ 1, phường Phú Mỹ, thị xã Phú Mỹ, tỉnh Bà Rịa - Vũng Tàu | D48: 3502269994 | E48: Nguyễn Nguyên Ngọc | F48: 46.39 | G48: 54.081
A49: 12 | B49: Công ty TNHH Posco SS - Vina | C49: Đường N1, khu công nghiệp Phú Mỹ 2, phường Phú Mỹ, thị xã Phú Mỹ, tỉnh Bà Rịa - Vũng Tàu | D49: 3501620257 | E49: Seo Kyeongcheol | F49: 50.549 | G49: 58.93
A50: 13 | B50: Công ty TNHH Thép Vina Kyoei | C50: Khu công nghiệp Phú Mỹ 1, phường Phú Mỹ, thị xã Phú Mỹ, tỉnh Bà Rịa - Vũng Tàu | D50: 3500106761 | E50: Hidekazu Fukunishi | F50: 44.367 | G50: 51.723
A51: 14 | B51: Công ty TNHH thép VAS An Hưng Tường | C51: Khu phố 3, phường Tân Định, thị xã Bến Cát, tỉnh Bình Dương | D51: 3700256179 | E51: Nguyễn Trần Quý | F51: 2.05 | G51: 2.39
A52: 15 | B52: Công ty TNHH thép Sa Mi Na | C52: Số 137C, khu B, khu phố Tân Thắng, phường Tân Bình, thành phố Dĩ An, tỉnh Bình Dương | D52: 3700598687 | E52: Phạm Hoàng Cung | F52: 265 | G52: 310
A53: 16 | B53: Công ty cổ phần thép Tuệ Minh | C53: Lô A5, đường D2, khu công nghiệp Đất Cuốc, xã Đất Cuốc, huyện Bắc Tân Uyên, tỉnh Bình Dương | D53: 3701729269 | E53: Vũ Minh Tư | F53: 2.559 | G53: 2.983
A54: 17 | B54: Công ty cổ phần Sản xuất thép Vina One | C54: Ấp Voi Lá, xã Long Hiệp, huyện Bến Lức, tỉnh Long An | D54: 1100549268 | E54: Huỳnh Nghĩa Thiện | F54: 246 | G54: 287
A55: 18 | B55: Công ty TNHH MTV thép VAS Nghi Sơn | C55: Khu liên hợp Gang thép Nghi Sơn, khu kinh tế Nghi Sơn, thị xã Nghi Sơn, tỉnh Thanh Hóa | D55: 2801115888 | E55: Nguyễn Bảo Giang | F55: 6.602 | G55: 7.696
A56: 19 | B56: Công ty cổ phần Cơ khí Gang thép | C56: Phường Cam Giá, thành phố Thái Nguyên, tỉnh Thái Nguyên | D56: 4600479367 | E56: Bùi Thái Sơn | F56: 715 | G56: 833
A57: 20 | B57: Công ty cổ phần Thép Hòa Phát | C57: Phường Hiệp Sơn, thị xã Kinh Môn, tỉnh Hải Dương | D57: 800384651 | E57: Đỗ Thị Thảo | F57: 4,494,857 | G57: 5,240,036
A58: 21 | B58: Công ty cổ phần Gang Thép Thái Nguyên | C58: Phường Cam Giá, thành phố Thái Nguyên, tỉnh Thái Nguyên | D58: 4600100155 | E58: Nguyễn Minh Hạnh | F58: 487.238 | G58: 568.015
A59: 22 | B59: Công ty cổ phần thép Đà Nẵng | C59: Đường Tạ Quang Bửu, khu công nghiệp Liên Chiểu, thành phố Đà Nẵng | D59: 400101549 | E59: Nguyễn Văn Dũng | F59: 11.961 | G59: 13.944
A60: 23 | B60: Công ty cổ phần Thép Vicasa - Vnsteel | C60: Khu công nghiệp Biên Hòa 1, Đường số 9, thành phố Biên Hòa, tỉnh Đồng Nai | D60: 3600961762 | E60: Ngô Tiến Thọ | F60: 15.53 | G60: 18.105
A61: 24 | B61: Công ty TNHH thép đặc biệt Shengli Việt Nam | C61: Khu công nghiệp Cầu Nghìn, huyện Quỳnh Phụ, tỉnh Thái Bình | D61: 1000440676 | E61: Zhang Chun Tuan | F61: 2.893 | G61: 3.372
A62: 25 | B62: Công ty cổ phần Luyện kim đen Thái Nguyên | C62: Xã Nam Hòa, huyện Đồng Hỷ, tỉnh Thái Nguyên | D62: 4600400261 | E62: Chu Phương Đông | F62: 236.403 | G62: 275.595
A63: III | B63: Các cơ sở sản xuất xi măng (clanhke)
A64: 1 | B64: Công ty Cổ phần Xi măng X18 | C64: Xã Ngọc Lương, huyên Yên Thủy, tỉnh Hòa Bình | D64: 5400253188 | E64: Lê Ngọc Hùng | F64: 109.943 | G64: 120.305
A65: 2 | B65: Nhà máy Xi măng Trung Sơn (Công ty Cổ phần Xây dựng và Du lịch Bình Minh) | C65: Xóm Lộc Môn, xã Trung Sơn, huyện Lương Sơn, tỉnh Hòa Bình | D65: 5400478632 | E65: Đỗ Trần Minh | F65: 648.135 | G65: 709.22
A66: 3 | B66: Nhà máy Xi măng Vĩnh Sơn (Công ty TNHH Xi măng Vĩnh Sơn) | C66: Xã Trung Sơn, huyện Lương Sơn, tỉnh Hòa Bình | D66: 5400208756 | E66: Đỗ Quân | F66: 369.109 | G66: 403.897
A67: 4 | B67: Công ty Cổ phần Xi măng Mai Sơn | C67: Xã Nà Bó, huyện Mai Sơn, tỉnh Sơn La | D67: 5500230970 | E67: Mã Đề Thuấn | F67: 359.956 | G67: 393.882
A68: 5 | B68: Nhà máy xi măng Điện Biên | C68: Bản Na Hai, xã Pom Lót, huyện Điện Biên, tỉnh Điện Biên | D68: 5600177368 | E68: Trần Khác Đại | F68: 171.86 | G68: 188.058
A69: 6 | B69: Nhà máy Xi măng Yên Bái, Công ty Cổ phần Xi măng và Khoáng sản Yên Bái | C69: Thị trấn Yên Bình, huyện Yên Bình, tỉnh Yên Bái | D69: 5200216647 | E69: Phạm Quang Phú | F69: 400.233 | G69: 437.954
A70: 7 | B70: Nhà máy Xi măng Yên Bình, Công ty Cổ phần Xi măng Yên Bình | C70: Thị trấn Yên Bình, huyện Yên Bình, tỉnh Yên Bái | D70: 5200213597 | E70: Mai Thế Loan | F70: 598.709 | G70: 655.136
A71: 8 | B71: Công ty cổ phần xi măng Phú Thọ | C71: Khu 12, Thị trấn Thanh Ba, huyện Thanh Ba, tỉnh Phú Thọ | D71: 2600116271 | E71: Tràn Tuấn Đạt | F71: 126.022 | G71: 137.899
A72: 9 | B72: Công ty cổ phần xi măng VIMCEM Sông Thao | C72: Xã Ninh Dân, huyện Thanh Ba, tỉnh Phú Thọ | D72: 2600279082 | E72: Nguyễn Quang Huy | F72: 836.948 | G72: 915.828
A73: 10 | B73: Nhà máy xi măng Tuyên Quang, Công ty cổ phần xi măng Tuyên Quang | C73: Xã Tràng Đà, thành phố Tuyên Quang, tỉnh Tuyên Quang | D73: 5000119170 | E73: Nguyễn Mạnh Danh | F73: 124.008 | G73: 135.696
A74: 11 | B74: Nhà máy xi măng Tân Quang, Công ty cổ phần xi măng Tân Quang- VVMI, Tổng công ty công nghiệp mỏ Việt Bắc TKV | C74: Xã Tràng Đà, thành phố Tuyên Quang, tỉnh Tuyên Quang | D74: 5000280116 | E74: Lê Danh Thắng | F74: 638.702 | G74: 698.898
A75: 12 | B75: Nhà máy sản xuất Xi măng Quán Triều, Công ty Cổ phần Xi măng Quán Triều | C75: Xã An Khánh, huyện Đại Từ, tỉnh Thái Nguyên | D75: 4600409377 | E75: Trần Việt Cường | F75: 592.455 | G75: 648.292
... A79: 16 | B79: Công ty Cổ phần Xi măng Hồng Phong | C79: Xã Hồng Phong, huyện Cao Lộc, tỉnh Lạng Sơn | D79: 4900102650 | E79: Trần Duyên Tùng | F79: 104.067 | G79: 113.875
A80: 17 | B80: Nhà máy xi măng Cẩm Phả, Công ty Cổ phần Xi măng Cẩm Phả | C80: Phường Cẩm Thạch, thành phố Cẩm Phả, tỉnh Quảng Ninh | D80: 5700804196 | E80: Nguyễn Thái Hưng | F80: 1,616,252 | G80: 1,768,581
A81: 18 | B81: Công ty Cổ phần Xi măng và Xây dựng Quảng Ninh, Nhà máy xi măng Lam Thạch | C81: Khu Hợp Thành, phường Phương Nam, thành phố Uông Bí, tỉnh Quảng Ninh | D81: 5700100263-013 | E81: Đặng Văn Học | F81: 933.095 | G81: 1,021,037
A82: 19 | B82: Công ty Cổ phần Xi măng Hạ Long | C82: Xã Lê Lợi, thành phố Hạ Long, tỉnh Quảng Ninh | D82: 5700466028 | E82: Mai Hồng Hải | F82: 989.857 | G82: 1,083,149
A83: 20 | B83: Công ty Cổ phần Xi măng Thăng Long | C83: Xã Lê Lợi, thành phố Hạ Long, tỉnh Quảng Ninh | D83: 5700360871 | E83: Rizkie Agustiansyah Gaharu | F83: 1,175,783 | G83: 1,286,599
A84: 21 | B84: Nhà máy xi măng Bút Sơn, Công ty Cổ phần Xi măng Vicem Bút Sơn | C84: Xã Thanh Sơn, huyện Kim Bảng, tỉnh Hà Nam | D84: 700117613 | E84: Đỗ Tiến Trình | F84: 2,453,235 | G84: 2,684,448
A85: 22 | B85: Nhà máy xi măng Hoàng Long, Công ty Cổ phần Xi măng Hoàng Long | C85: Thôn Bồng Lạng, xã Thanh Nghị, huyện Thanh Liêm, tỉnh Hà Nam | D85: 700222569 | E85: Nguyễn Sỹ Tiệp | F85: 133.575 | G85: 146.165
A86: 23 | B86: Nhà máy xi măng Thành Thắng, Công ty Cổ phần Xi măng Thành Thắng | C86: Xã Thanh Nghị, huyện Thanh Liêm, tỉnh Hà Nam | D86: 700651198 | E86: Nguyễn Thị Bích Loan | F86: 6,853,859 | G86: 7,499,822
A87: 24 | B87: Nhà máy Xi măng Vissai Hà Nam - DC2, Tập đoàn The Vissai | C87: Xã Thanh Thủy, huyện Thanh Liêm, tỉnh Hà Nam | D87: 700507853 | E87: Đỗ Anh Tuấn | F87: 822.644 | G87: 900.177
A88: 25 | B88: Nhà máy Xi măng Xuân Thành, Công ty Cổ phần Xi măng Xuân Thành | C88: Thôn Bồng Lạng, xã Thanh Nghị, huyện Thanh Liêm, tỉnh Hà Nam | D88: 700576529 | E88: Vũ Quang Bắc | F88: 5,297,794 | G88: 5,797,101
A89: 26 | B89: Dây chuyền 2 Nhà máy clinker, Tập đoàn The Vissai | C89: Xã Thanh Tân, huyện Thanh Liêm, tỉnh Hà Nam | D89: 700507853 | E89: Đỗ Anh Tuấn | F89: 714.977 | G89: 782.362
A90: 27 | B90: Công ty TNHH MTV Xi măng Vicem Hoàng Thạch | C90: Phường Minh Tân, thị xã Kinh Môn, tỉnh Hải Dương | D90: 800004797 | E90: Lê Xuân Khôi | F90: 2,701,207 | G90: 2,955,791
A91: 28 | B91: Công ty TNHH sản xuất vật liệu xây dựng Thành Công III | C91: Phường Hiệp Sơn, thị xã Kinh Môn, tỉnh Hài Dương | D91: 800297991 | E91: Lê Khánh Bảo Long | F91: 357.054 | G91: 390.705
A92: 29 | B92: Nhà máy Xi măng Chinfon, Công ty Xi măng Chinfon | C92: Thị trấn Minh Đức, huyện Thủy Nguyên, thành phố Hải Phòng | D92: 200110200 | E92: Lo Lung - Too | F92: 2,907,941 | G92: 3,182,009
A93: 30 | B93: Nhà máy xi măng Hải Phòng, Công ty TNHH MTV Vicem Hải Phòng | C93: Thị trần Minh Đức, huyện Thủy Nguyên, thành phố Hải Phòng | D93: 200155219 | E93: Trần Văn Toan | F93: 1,217,320 | G93: 1,332,050
A94: 31 | B94: Nhà máy Xi măng Vissai Ninh Bình, Tập đoàn The Vissai | C94: Lô C7, cụm công nghiệp Gián Khẩu, huyện Gia Viễn, tỉnh Ninh Bình | D94: 2700280638 | E94: Hoàng Mạnh Tùng | F94: 2,072,885 | G94: 2,268,250
A95: 32 | B95: Công ty VICEM xi măng Tam Điệp | C95: Khu công nghiệp Tam Điệp I, tỉnh Ninh Bình | D95: 2700260173 | E95: Trần Anh Tuấn | F95: 1,242,230 | G95: 1,359,308
A96: 33 | B96: Nhà máy Xi măng Bỉm Sơn, Công ty Cổ phần Xi măng Bỉm Sơn | C96: Phường Ba Đình, thị xã Bỉm Sơn, tỉnh Thanh Hóa | D96: 2800232620 | E96: Lê Huy Quân | F96: 2,510,131 | G96: 2,746,706
A97: 34 | B97: Nhà máy Xi măng Long Son, Công ty TNHH Long Sơn | C97: Phường Đông Sơn, thị xã Bỉm Sơn, tỉnh Thanh Hóa | D97: 2700271520-003 | E97: Trịnh Quang Hải | F97: 8,511,370 | G97: 9,313,550
A98: 35 | B98: Nhà máy Xi măng Công Thanh, Tập đoàn Công Thanh | C98: Xã Tân Trường, huyện Tĩnh Gia, tỉnh Thanh Hóa | D98: 304186356 | E98: Nguyễn Thị Hoàng Thi | F98: 499.301 | G98: 546.359
A99: 36 | B99: Nhà máy Xi măng Nghi Sơn 2, Công ty Xi măng Nghi Sơn | C99: Xã Hải Thượng, huyện Tĩnh Gia, tỉnh Thanh Hóa | D99: 2800464741 | E99: Ichizawa Kazuhiko | F99: 3,875,392 | G99: 4,240,640
A100: 37 | B100: Nhà máy Xi măng Tân Thắng, Công ty Xi măng Tân Thắng | C100: Xã Tân Thắng, huyện Quỳnh Lưu, tỉnh Nghệ An | D100: 2901132319 | E100: Văn Đình Quý | F100: 841.042 | G100: 920.308
A101: 38 | B101: Nhà máy Xi măng Sông Lam 1, Tập đoàn The Vissai | C101: Xã Bài Sơn, huyện Đô Lương, tỉnh Nghệ An | D101: 2900601487 | E101: Hoàng Minh Tuấn | F101: 4,681,235 | G101: 5,122,432
A102: 39 | B102: Nhà máy Xi măng Sông Lam 2, Tập đoàn The Vissai | C102: Huyện Anh Sơn, tỉnh Nghệ An | D102: 2900325156 | E102: Hoàng Mạnh Khởi | F102: 507.149 | G102: 554.947
A103: 40 | B103: Nhà máy Xi măng Công ty Cổ phần Xi măng Vicem Hoàng Mai | C103: Phường Quỳnh Thiện, huyện Quỳnh Lưu, tỉnh Nghệ An | D103: 2900329295 | E103: Nguyễn Đình Dũng | F103: 1,290,862 | G103: 1,412,524
...

Sheet CLEAN_699
A1: STT | B1: Tên cơ sở | C1: Địa chỉ | D1: Mã số thuế | E1: Người đại diện pháp luật | F1: Hạn ngạch 2025 (tCO2e) | G1: Hạn ngạch 2026 (tCO2e)
A2: =RAW_699!A3 -> 1 | B2: =RAW_699!B3 -> Công ty nhiệt điện Na Dương | C2: =RAW_699!C3 -> Thị trấn Na Dương, huyện Lộc Bình, tỉnh Lang Sơn | D2: =IF(RAW_699!D3="","",IF(ISNUMBER(RAW_699!D3),TEXT(RAW_699!D3,"0"),RAW_699!D3)) -> 0104297034-001 | E2: =RAW_699!E3 -> Phạm Đức Tuyên | F2: =IF(RAW_699!F3="","",IF(ISNUMBER(RAW_699!F3),IF(MOD(RAW_699!F3,1)=0,RAW_699!F3,ROUND(RAW_699!F3*1000,0)),VALUE(SUBSTITUTE(RAW_699!F3,",","")))) -> 1035566 | G2: =IF(RAW_699!G3="","",IF(ISNUMBER(RAW_699!G3),IF(MOD(RAW_699!G3,1)=0,RAW_699!G3,ROUND(RAW_699!G3*1000,0)),VALUE(SUBSTITUTE(RAW_699!G3,",","")))) -> 1134493
A3: =RAW_699!A4 -> 2 | B3: =RAW_699!B4 -> Công ty nhiệt điện Sơn động Việt Nam | C3: =RAW_699!C4 -> Thị trấn Tây Yên Tử, huyện Sơn Đông, tỉnh Bắc Giang | D3: =IF(RAW_699!D4="","",IF(ISNUMBER(RAW_699!D4),TEXT(RAW_699!D4,"0"),RAW_699!D4)) -> 0104297034-003 | E3: =RAW_699!E4 -> Dương Hồng Đường | F3: =IF(RAW_699!F4="","",IF(ISNUMBER(RAW_699!F4),IF(MOD(RAW_699!F4,1)=0,RAW_699!F4,ROUND(RAW_699!F4*1000,0)),VALUE(SUBSTITUTE(RAW_699!F4,",","")))) -> 2032458 | G3: =IF(RAW_699!G4="","",IF(ISNUMBER(RAW_699!G4),IF(MOD(RAW_699!G4,1)=0,RAW_699!G4,ROUND(RAW_699!G4*1000,0)),VALUE(SUBSTITUTE(RAW_699!G4,",","")))) -> 2226618
A4: =RAW_699!A5 -> 3 | B4: =RAW_699!B5 -> Công ty Nhiệt điện Uông Bí | C4: =RAW_699!C5 -> Khu 6, Quang Trung, thành phố Uông Bí, tỉnh Quảng Ninh | D4: =IF(RAW_699!D5="","",IF(ISNUMBER(RAW_699!D5),TEXT(RAW_699!D5,"0"),RAW_699!D5)) -> 5701662152-010 | E4: =RAW_699!E5 -> Đỗ Trung Kiên | F4: =IF(RAW_699!F5="","",IF(ISNUMBER(RAW_699!F5),IF(MOD(RAW_699!F5,1)=0,RAW_699!F5,ROUND(RAW_699!F5*1000,0)),VALUE(SUBSTITUTE(RAW_699!F5,",","")))) -> 5691098 | G4: =IF(RAW_699!G5="","",IF(ISNUMBER(RAW_699!G5),IF(MOD(RAW_699!G5,1)=0,RAW_699!G5,ROUND(RAW_699!G5*1000,0)),VALUE(SUBSTITUTE(RAW_699!G5,",","")))) -> 6234766
A5: =RAW_699!A6 -> 4 | B5: =RAW_699!B6 -> Công ty Cổ phần Nhiệt điện Quảng Ninh | C5: =RAW_699!C6 -> T33K5, phường Hà Khánh, Hạ Long, tỉnh Quảng Ninh | D5: =IF(RAW_699!D6="","",IF(ISNUMBER(RAW_699!D6),TEXT(RAW_699!D6,"0"),RAW_699!D6)) -> 5700434869 | E5: =RAW_699!E6 -> Nguyễn Việt Dũng | F5: =IF(RAW_699!F6="","",IF(ISNUMBER(RAW_699!F6),IF(MOD(RAW_699!F6,1)=0,RAW_699!F6,ROUND(RAW_699!F6*1000,0)),VALUE(SUBSTITUTE(RAW_699!F6,",","")))) -> 11097421 | G5: =IF(RAW_699!G6="","",IF(ISNUMBER(RAW_699!G6),IF(MOD(RAW_699!G6,1)=0,RAW_699!G6,ROUND(RAW_699!G6*1000,0)),VALUE(SUBSTITUTE(RAW_699!G6,",","")))) -> 12157553
A6: =RAW_699!A7 -> 5 | B6: =RAW_699!B7 -> Công ty Nhiệt điện Cẩm Phả - TKV | C6: =RAW_699!C7 -> Tổ 4, khu 4A, Phường Cẩm Thịnh, Cẩm Phả, tỉnh Quảng Ninh | D6: =IF(RAW_699!D7="","",IF(ISNUMBER(RAW_699!D7),TEXT(RAW_699!D7,"0"),RAW_699!D7)) -> 0104297034-008 | E6: =RAW_699!E7 -> Trần Văn Hoan | F6: =IF(RAW_699!F7="","",IF(ISNUMBER(RAW_699!F7),IF(MOD(RAW_699!F7,1)=0,RAW_699!F7,ROUND(RAW_699!F7*1000,0)),VALUE(SUBSTITUTE(RAW_699!F7,",","")))) -> 3585092 | G6: =IF(RAW_699!G7="","",IF(ISNUMBER(RAW_699!G7),IF(MOD(RAW_699!G7,1)=0,RAW_699!G7,ROUND(RAW_699!G7*1000,0)),VALUE(SUBSTITUTE(RAW_699!G7,",","")))) -> 3927575
A7: =RAW_699!A8 -> 6 | B7: =RAW_699!B8 -> Công ty TNHH Điện Lực AES Mông Dương - Nhà máy nhiệt điện Mông Dương II | C7: =RAW_699!C8 -> Khu 8, phường Mông Dương, Cẩm Phả, tỉnh Quảng Ninh | D7: =IF(RAW_699!D8="","",IF(ISNUMBER(RAW_699!D8),TEXT(RAW_699!D8,"0"),RAW_699!D8)) -> 5701384498 | E7: =RAW_699!E8 -> Oliver Robert Jean Marquette | F7: =IF(RAW_699!F8="","",IF(ISNUMBER(RAW_699!F8),IF(MOD(RAW_699!F8,1)=0,RAW_699!F8,ROUND(RAW_699!F8*1000,0)),VALUE(SUBSTITUTE(RAW_699!F8,",","")))) -> 12190431 | G7: =IF(RAW_699!G8="","",IF(ISNUMBER(RAW_699!G8),IF(MOD(RAW_699!G8,1)=0,RAW_699!G8,ROUND(RAW_699!G8*1000,0)),VALUE(SUBSTITUTE(RAW_699!G8,",","")))) -> 13354978
A8: =RAW_699!A9 -> 7 | B8: =RAW_699!B9 -> Công ty Nhiệt điện Đông Triều - TKV - Nhà máy nhiệt điện Mạo Khê | C8: =RAW_699!C9 -> Thôn Đồng Sơn, xã Bình Khê, Đông Triều, tỉnh Quảng Ninh | D8: =IF(RAW_699!D9="","",IF(ISNUMBER(RAW_699!D9),TEXT(RAW_699!D9,"0"),RAW_699!D9)) -> 0104297034-006 | E8: =RAW_699!E9 -> Nguyễn Đình Tuấn | F8: =IF(RAW_699!F9="","",IF(ISNUMBER(RAW_699!F9),IF(MOD(RAW_699!F9,1)=0,RAW_699!F9,ROUND(RAW_699!F9*1000,0)),VALUE(SUBSTITUTE(RAW_699!F9,",","")))) -> 4436759 | G8: =IF(RAW_699!G9="","",IF(ISNUMBER(RAW_699!G9),IF(MOD(RAW_699!G9,1)=0,RAW_699!G9,ROUND(RAW_699!G9*1000,0)),VALUE(SUBSTITUTE(RAW_699!G9,",","")))) -> 4860601
A9: =RAW_699!A10 -> 8 | B9: =RAW_699!B10 -> Nhà máy nhiệt điện Mông Dương I - Công ty Nhiệt điện Mông Dương | C9: =RAW_699!C10 -> Phường Mông Dương, Cẩm Phả, tỉnh Quảng Ninh | D9: =IF(RAW_699!D10="","",IF(ISNUMBER(RAW_699!D10),TEXT(RAW_699!D10,"0"),RAW_699!D10)) -> 3502208399-008 | E9: =RAW_699!E10 -> Nguyễn Hữu Tuấn | F9: =IF(RAW_699!F10="","",IF(ISNUMBER(RAW_699!F10),IF(MOD(RAW_699!F10,1)=0,RAW_699!F10,ROUND(RAW_699!F10*1000,0)),VALUE(SUBSTITUTE(RAW_699!F10,",","")))) -> 9556403 | G9: =IF(RAW_699!G10="","",IF(ISNUMBER(RAW_699!G10),IF(MOD(RAW_699!G10,1)=0,RAW_699!G10,ROUND(RAW_699!G10*1000,0)),VALUE(SUBSTITUTE(RAW_699!G10,",","")))) -> 10469322
A10: =RAW_699!A11 -> 9 | B10: =RAW_699!B11 -> Công ty Cổ phần Nhiệt điện Hải Phòng | C10: =RAW_699!C11 -> Xã Tam Hưng, huyện Thủy Nguyên, thành phố Hải Phòng | D10: =IF(RAW_699!D11="","",IF(ISNUMBER(RAW_699!D11),TEXT(RAW_699!D11,"0"),RAW_699!D11)) -> 200493225 | E10: =RAW_699!E11 -> Dương Sơn Bá | F10: =IF(RAW_699!F11="","",IF(ISNUMBER(RAW_699!F11),IF(MOD(RAW_699!F11,1)=0,RAW_699!F11,ROUND(RAW_699!F11*1000,0)),VALUE(SUBSTITUTE(RAW_699!F11,",","")))) -> 10239469 | G10: =IF(RAW_699!G11="","",IF(ISNUMBER(RAW_699!G11),IF(MOD(RAW_699!G11,1)=0,RAW_699!G11,ROUND(RAW_699!G11*1000,0)),VALUE(SUBSTITUTE(RAW_699!G11,",","")))) -> 11217642
A11: =RAW_699!A12 -> 10 | B11: =RAW_699!B12 -> Nhà máy điện Nghi Sơn 1 | C11: =RAW_699!C12 -> Xã Hải Hà, thị xã Nghi Sơn, tỉnh Thanh Hóa | D11: =IF(RAW_699!D12="","",IF(ISNUMBER(RAW_699!D12),TEXT(RAW_699!D12,"0"),RAW_699!D12)) -> 5701662152-011 | E11: =RAW_699!E12 -> Võ Mạnh Hà | F11: =IF(RAW_699!F12="","",IF(ISNUMBER(RAW_699!F12),IF(MOD(RAW_699!F12,1)=0,RAW_699!F12,ROUND(RAW_699!F12*1000,0)),VALUE(SUBSTITUTE(RAW_699!F12,",","")))) -> 5036163 | G11: =IF(RAW_699!G12="","",IF(ISNUMBER(RAW_699!G12),IF(MOD(RAW_699!G12,1)=0,RAW_699!G12,ROUND(RAW_699!G12*1000,0)),VALUE(SUBSTITUTE(RAW_699!G12,",","")))) -> 5517266
A12: =RAW_699!A13 -> 11 | B12: =RAW_699!B13 -> Công ty Điện lực Dầu khí Hà Tĩnh | C12: =RAW_699!C13 -> Xóm Hải Phong, xã Kỳ Lợi, thị xã Kỳ Anh, tỉnh Hà Tĩnh | D12: =IF(RAW_699!D13="","",IF(ISNUMBER(RAW_699!D13),TEXT(RAW_699!D13,"0"),RAW_699!D13)) -> 0102276173-007 | E12: =RAW_699!E13 -> Trịnh Bảo Ngọc | F12: =IF(RAW_699!F13="","",IF(ISNUMBER(RAW_699!F13),IF(MOD(RAW_699!F13,1)=0,RAW_699!F13,ROUND(RAW_699!F13*1000,0)),VALUE(SUBSTITUTE(RAW_699!F13,",","")))) -> 7214687 | G12: =IF(RAW_699!G13="","",IF(ISNUMBER(RAW_699!G13),IF(MOD(RAW_699!G13,1)=0,RAW_699!G13,ROUND(RAW_699!G13*1000,0)),VALUE(SUBSTITUTE(RAW_699!G13,",","")))) -> 7903903
A13: =RAW_699!A14 -> 12 | B13: =RAW_699!B14 -> Công ty TNHH Hưng Nghiệp Formosa | C13: =RAW_699!C14 -> KCN Nhơn Trạch III _ Giai đoạn 1, thị trấn Hiệp Phước, huyện Nhơn Trạch, tỉnh Đồng Nai | D13: =IF(RAW_699!D14="","",IF(ISNUMBER(RAW_699!D14),TEXT(RAW_699!D14,"0"),RAW_699!D14)) -> 3600517557 | E13: =RAW_699!E14 -> Huang Chien Fu | F13: =IF(RAW_699!F14="","",IF(ISNUMBER(RAW_699!F14),IF(MOD(RAW_699!F14,1)=0,RAW_699!F14,ROUND(RAW_699!F14*1000,0)),VALUE(SUBSTITUTE(RAW_699!F14,",","")))) -> 2558365 | G13: =IF(RAW_699!G14="","",IF(ISNUMBER(RAW_699!G14),IF(MOD(RAW_699!G14,1)=0,RAW_699!G14,ROUND(RAW_699!G14*1000,0)),VALUE(SUBSTITUTE(RAW_699!G14,",","")))) -> 2802764
... A35: =RAW_699!A36 -> 34 | B35: =RAW_699!B36 -> Ban điều hành nhà máy điện Kiên Hải | C35: =RAW_699!C36 -> Số 287, ấp 2, Hòn Tre, đặc khu Kiên Hải, tỉnh An Giang | D35: =IF(RAW_699!D36="","",IF(ISNUMBER(RAW_699!D36),TEXT(RAW_699!D36,"0"),RAW_699!D36)) -> 1700403486 | E35: =RAW_699!E36 -> Huỳnh Cao Phướng | F35: =IF(RAW_699!F36="","",IF(ISNUMBER(RAW_699!F36),IF(MOD(RAW_699!F36,1)=0,RAW_699!F36,ROUND(RAW_699!F36*1000,0)),VALUE(SUBSTITUTE(RAW_699!F36,",","")))) -> 5539 | G35: =IF(RAW_699!G36="","",IF(ISNUMBER(RAW_699!G36),IF(MOD(RAW_699!G36,1)=0,RAW_699!G36,ROUND(RAW_699!G36*1000,0)),VALUE(SUBSTITUTE(RAW_699!G36,",","")))) -> 6068
A36: =RAW_699!A38 -> 1 | B36: =RAW_699!B38 -> Công ty TNHH khoáng sản và luyện kim Việt Trung | C36: =RAW_699!C38 -> Khu công nghiệp Tằng Loỏng, huyện Bảo Thắng, tỉnh Lào Cai | D36: =IF(RAW_699!D38="","",IF(ISNUMBER(RAW_699!D38),TEXT(RAW_699!D38,"0"),RAW_699!D38)) -> 5300232681 | E36: =RAW_699!E38 -> Ngô Sỹ Hiếu | F36: =IF(RAW_699!F38="","",IF(ISNUMBER(RAW_699!F38),IF(MOD(RAW_699!F38,1)=0,RAW_699!F38,ROUND(RAW_699!F38*1000,0)),VALUE(SUBSTITUTE(RAW_699!F38,",","")))) -> 255476 | G36: =IF(RAW_699!G38="","",IF(ISNUMBER(RAW_699!G38),IF(MOD(RAW_699!G38,1)=0,RAW_699!G38,ROUND(RAW_699!G38*1000,0)),VALUE(SUBSTITUTE(RAW_699!G38,",","")))) -> 297830
A37: =RAW_699!A39 -> 2 | B37: =RAW_699!B39 -> Công ty cổ phần Gang thép Cao Bằng | C37: =RAW_699!C39 -> Số 52, phố Kim Đồng, phường Hợp Giang, thành phố Cao Bằng, tỉnh Cao Bằng | D37: =IF(RAW_699!D39="","",IF(ISNUMBER(RAW_699!D39),TEXT(RAW_699!D39,"0"),RAW_699!D39)) -> 4800162247 | E37: =RAW_699!E39 -> Nguyễn Văn Phương | F37: =IF(RAW_699!F39="","",IF(ISNUMBER(RAW_699!F39),IF(MOD(RAW_699!F39,1)=0,RAW_699!F39,ROUND(RAW_699!F39*1000,0)),VALUE(SUBSTITUTE(RAW_699!F39,",","")))) -> 391158 | G37: =IF(RAW_699!G39="","",IF(ISNUMBER(RAW_699!G39),IF(MOD(RAW_699!G39,1)=0,RAW_699!G39,ROUND(RAW_699!G39*1000,0)),VALUE(SUBSTITUTE(RAW_699!G39,",","")))) -> 456006
A38: =RAW_699!A40 -> 3 | B38: =RAW_699!B40 -> Công ty cổ phần luyện thép Việt Ý | C38: =RAW_699!C40 -> Khu công nghiệp cầu Kiền, xã Hoàng Động, huyện Thủy Nguyên, thành phố Hải Phòng | D38: =IF(RAW_699!D40="","",IF(ISNUMBER(RAW_699!D40),TEXT(RAW_699!D40,"0"),RAW_699!D40)) -> 0900222647-004 | E38: =RAW_699!E40 -> Yasuhiro Yonemura | F38: =IF(RAW_699!F40="","",IF(ISNUMBER(RAW_699!F40),IF(MOD(RAW_699!F40,1)=0,RAW_699!F40,ROUND(RAW_699!F40*1000,0)),VALUE(SUBSTITUTE(RAW_699!F40,",","")))) -> 33053 | G38: =IF(RAW_699!G40="","",IF(ISNUMBER(RAW_699!G40),IF(MOD(RAW_699!G40,1)=0,RAW_699!G40,ROUND(RAW_699!G40*1000,0)),VALUE(SUBSTITUTE(RAW_699!G40,",","")))) -> 38533
A39: =RAW_699!A41 -> 4 | B39: =RAW_699!B41 -> Công ty cổ phần luyện thép cao cấp Việt Nhật | C39: =RAW_699!C41 -> Khu công nghiệp Nam Cầu Kiền, xã Kiền Bái, huyện Thủy Nguyên, thành phố Hải Phòng | D39: =IF(RAW_699!D41="","",IF(ISNUMBER(RAW_699!D41),TEXT(RAW_699!D41,"0"),RAW_699!D41)) -> 201572208 | E39: =RAW_699!E41 -> Đặng Việt Bách | F39: =IF(RAW_699!F41="","",IF(ISNUMBER(RAW_699!F41),IF(MOD(RAW_699!F41,1)=0,RAW_699!F41,ROUND(RAW_699!F41*1000,0)),VALUE(SUBSTITUTE(RAW_699!F41,",","")))) -> 902 | G39: =IF(RAW_699!G41="","",IF(ISNUMBER(RAW_699!G41),IF(MOD(RAW_699!G41,1)=0,RAW_699!G41,ROUND(RAW_699!G41*1000,0)),VALUE(SUBSTITUTE(RAW_699!G41,",","")))) -> 1052
A40: =RAW_699!A42 -> 5 | B40: =RAW_699!B42 -> Công ty TNHH MTV Thép Hòa Phát | C40: =RAW_699!C42 -> Khu công nghiệp Phố Nối A, xã Giai Phạm, huyện Yên Mỹ, tỉnh Hưng Yên | D40: =IF(RAW_699!D42="","",IF(ISNUMBER(RAW_699!D42),TEXT(RAW_699!D42,"0"),RAW_699!D42)) -> 900629369 | E40: =RAW_699!E42 -> Kiều Chí Công | F40: =IF(RAW_699!F42="","",IF(ISNUMBER(RAW_699!F42),IF(MOD(RAW_699!F42,1)=0,RAW_699!F42,ROUND(RAW_699!F42*1000,0)),VALUE(SUBSTITUTE(RAW_699!F42,",","")))) -> 2406 | G40: =IF(RAW_699!G42="","",IF(ISNUMBER(RAW_699!G42),IF(MOD(RAW_699!G42,1)=0,RAW_699!G42,ROUND(RAW_699!G42*1000,0)),VALUE(SUBSTITUTE(RAW_699!G42,",","")))) -> 2804
A41: =RAW_699!A43 -> 6 | B41: =RAW_699!B43 -> Công ty TNHH Gang Thép Hung Nghiệp Formosa Hà Tĩnh | C41: =RAW_699!C43 -> Khu kinh tế Vũng Áng, phường Kỳ Long, thị xã Kỳ Anh, tỉnh Hà Tĩnh | D41: =IF(RAW_699!D43="","",IF(ISNUMBER(RAW_699!D43),TEXT(RAW_699!D43,"0"),RAW_699!D43)) -> 3000437821 | E41: =RAW_699!E43 -> Chen, Chun-Liang | F41: =IF(RAW_699!F43="","",IF(ISNUMBER(RAW_699!F43),IF(MOD(RAW_699!F43,1)=0,RAW_699!F43,ROUND(RAW_699!F43*1000,0)),VALUE(SUBSTITUTE(RAW_699!F43,",","")))) -> 13666930 | G41: =IF(RAW_699!G43="","",IF(ISNUMBER(RAW_699!G43),IF(MOD(RAW_699!G43,1)=0,RAW_699!G43,ROUND(RAW_699!G43*1000,0)),VALUE(SUBSTITUTE(RAW_699!G43,",","")))) -> 15932703
A42: =RAW_699!A44 -> 7 | B42: =RAW_699!B44 -> Công ty cổ phần Thép Hòa Phát Dung Quất | C42: =RAW_699!C44 -> Khu kinh tế Dung Quất, xã Bình Đông, huyện Bình Son, tỉnh Quảng Ngãi | D42: =IF(RAW_699!D44="","",IF(ISNUMBER(RAW_699!D44),TEXT(RAW_699!D44,"0"),RAW_699!D44)) -> 4300793861 | E42: =RAW_699!E44 -> Mai Văn Hà | F42: =IF(RAW_699!F44="","",IF(ISNUMBER(RAW_699!F44),IF(MOD(RAW_699!F44,1)=0,RAW_699!F44,ROUND(RAW_699!F44*1000,0)),VALUE(SUBSTITUTE(RAW_699!F44,",","")))) -> 11218848 | G42: =IF(RAW_699!G44="","",IF(ISNUMBER(RAW_699!G44),IF(MOD(RAW_699!G44,1)=0,RAW_699!G44,ROUND(RAW_699!G44*1000,0)),VALUE(SUBSTITUTE(RAW_699!G44,",","")))) -> 13078765
A43: =RAW_699!A45 -> 8 | B43: =RAW_699!B45 -> Công ty cổ phần Thép Thủ Đức - Vnsteel | C43: =RAW_699!C45 -> Km9 Xa lộ Hà Nội, phường Trường Thọ, thành phố Thủ Đức, thành phố Hồ Chí Minh | D43: =IF(RAW_699!D45="","",IF(ISNUMBER(RAW_699!D45),TEXT(RAW_699!D45,"0"),RAW_699!D45)) -> 305409326 | E43: =RAW_699!E45 -> Hoàng Đức Hoa | F43: =IF(RAW_699!F45="","",IF(ISNUMBER(RAW_699!F45),IF(MOD(RAW_699!F45,1)=0,RAW_699!F45,ROUND(RAW_699!F45*1000,0)),VALUE(SUBSTITUTE(RAW_699!F45,",","")))) -> 12842 | G43: =IF(RAW_699!G45="","",IF(ISNUMBER(RAW_699!G45),IF(MOD(RAW_699!G45,1)=0,RAW_699!G45,ROUND(RAW_699!G45*1000,0)),VALUE(SUBSTITUTE(RAW_699!G45,",","")))) -> 14971
A44: =RAW_699!A46 -> 9 | B44: =RAW_699!B46 -> Công ty TNHH thép Tung Ho Việt Nam | C44: =RAW_699!C46 -> Khu công nghiệp Phú Mỹ 2, phường Phú Mỹ, thị xã Phú Mỹ, tỉnh Bà Rịa - Vũng Tàu | D44: =IF(RAW_699!D46="","",IF(ISNUMBER(RAW_699!D46),TEXT(RAW_699!D46,"0"),RAW_699!D46)) -> 3500791394 | E44: =RAW_699!E46 -> Hou, Wu-Sheng | F44: =IF(RAW_699!F46="","",IF(ISNUMBER(RAW_699!F46),IF(MOD(RAW_699!F46,1)=0,RAW_699!F46,ROUND(RAW_699!F46*1000,0)),VALUE(SUBSTITUTE(RAW_699!F46,",","")))) -> 52001 | G44: =IF(RAW_699!G46="","",IF(ISNUMBER(RAW_699!G46),IF(MOD(RAW_699!G46,1)=0,RAW_699!G46,ROUND(RAW_699!G46*1000,0)),VALUE(SUBSTITUTE(RAW_699!G46,",","")))) -> 60622
A45: =RAW_699!A47 -> 10 | B45: =RAW_699!B47 -> Nhà máy thép Pomina 2 | C45: =RAW_699!C47 -> Khu công nghiệp Phú Mỹ 1, phường Phú Mỹ, thị xã Phú Mỹ, tỉnh Bà Rịa - Vũng Tàu | D45: =IF(RAW_699!D47="","",IF(ISNUMBER(RAW_699!D47),TEXT(RAW_699!D47,"0"),RAW_699!D47)) -> 3500793105 | E45: =RAW_699!E47 -> Đỗ Văn Khánh | F45: =IF(RAW_699!F47="","",IF(ISNUMBER(RAW_699!F47),IF(MOD(RAW_699!F47,1)=0,RAW_699!F47,ROUND(RAW_699!F47*1000,0)),VALUE(SUBSTITUTE(RAW_699!F47,",","")))) -> 14952 | G45: =IF(RAW_699!G47="","",IF(ISNUMBER(RAW_699!G47),IF(MOD(RAW_699!G47,1)=0,RAW_699!G47,ROUND(RAW_699!G47*1000,0)),VALUE(SUBSTITUTE(RAW_699!G47,",","")))) -> 17431
A46: =RAW_699!A48 -> 11 | B46: =RAW_699!B48 -> Công ty TNHH MTV Thép Miền Nam | C46: =RAW_699!C48 -> Khu công nghiệp Phú Mỹ 1, phường Phú Mỹ, thị xã Phú Mỹ, tỉnh Bà Rịa - Vũng Tàu | D46: =IF(RAW_699!D48="","",IF(ISNUMBER(RAW_699!D48),TEXT(RAW_699!D48,"0"),RAW_699!D48)) -> 3502269994 | E46: =RAW_699!E48 -> Nguyễn Nguyên Ngọc | F46: =IF(RAW_699!F48="","",IF(ISNUMBER(RAW_699!F48),IF(MOD(RAW_699!F48,1)=0,RAW_699!F48,ROUND(RAW_699!F48*1000,0)),VALUE(SUBSTITUTE(RAW_699!F48,",","")))) -> 46390 | G46: =IF(RAW_699!G48="","",IF(ISNUMBER(RAW_699!G48),IF(MOD(RAW_699!G48,1)=0,RAW_699!G48,ROUND(RAW_699!G48*1000,0)),VALUE(SUBSTITUTE(RAW_699!G48,",","")))) -> 54081
A47: =RAW_699!A49 -> 12 | B47: =RAW_699!B49 -> Công ty TNHH Posco SS - Vina | C47: =RAW_699!C49 -> Đường N1, khu công nghiệp Phú Mỹ 2, phường Phú Mỹ, thị xã Phú Mỹ, tỉnh Bà Rịa - Vũng Tàu | D47: =IF(RAW_699!D49="","",IF(ISNUMBER(RAW_699!D49),TEXT(RAW_699!D49,"0"),RAW_699!D49)) -> 3501620257 | E47: =RAW_699!E49 -> Seo Kyeongcheol | F47: =IF(RAW_699!F49="","",IF(ISNUMBER(RAW_699!F49),IF(MOD(RAW_699!F49,1)=0,RAW_699!F49,ROUND(RAW_699!F49*1000,0)),VALUE(SUBSTITUTE(RAW_699!F49,",","")))) -> 50549 | G47: =IF(RAW_699!G49="","",IF(ISNUMBER(RAW_699!G49),IF(MOD(RAW_699!G49,1)=0,RAW_699!G49,ROUND(RAW_699!G49*1000,0)),VALUE(SUBSTITUTE(RAW_699!G49,",","")))) -> 58930
... A60: =RAW_699!A62 -> 25 | B60: =RAW_699!B62 -> Công ty cổ phần Luyện kim đen Thái Nguyên | C60: =RAW_699!C62 -> Xã Nam Hòa, huyện Đồng Hỷ, tỉnh Thái Nguyên | D60: =IF(RAW_699!D62="","",IF(ISNUMBER(RAW_699!D62),TEXT(RAW_699!D62,"0"),RAW_699!D62)) -> 4600400261 | E60: =RAW_699!E62 -> Chu Phương Đông | F60: =IF(RAW_699!F62="","",IF(ISNUMBER(RAW_699!F62),IF(MOD(RAW_699!F62,1)=0,RAW_699!F62,ROUND(RAW_699!F62*1000,0)),VALUE(SUBSTITUTE(RAW_699!F62,",","")))) -> 236403 | G60: =IF(RAW_699!G62="","",IF(ISNUMBER(RAW_699!G62),IF(MOD(RAW_699!G62,1)=0,RAW_699!G62,ROUND(RAW_699!G62*1000,0)),VALUE(SUBSTITUTE(RAW_699!G62,",","")))) -> 275595
A61: =RAW_699!A64 -> 1 | B61: =RAW_699!B64 -> Công ty Cổ phần Xi măng X18 | C61: =RAW_699!C64 -> Xã Ngọc Lương, huyên Yên Thủy, tỉnh Hòa Bình | D61: =IF(RAW_699!D64="","",IF(ISNUMBER(RAW_699!D64),TEXT(RAW_699!D64,"0"),RAW_699!D64)) -> 5400253188 | E61: =RAW_699!E64 -> Lê Ngọc Hùng | F61: =IF(RAW_699!F64="","",IF(ISNUMBER(RAW_699!F64),IF(MOD(RAW_699!F64,1)=0,RAW_699!F64,ROUND(RAW_699!F64*1000,0)),VALUE(SUBSTITUTE(RAW_699!F64,",","")))) -> 109943 | G61: =IF(RAW_699!G64="","",IF(ISNUMBER(RAW_699!G64),IF(MOD(RAW_699!G64,1)=0,RAW_699!G64,ROUND(RAW_699!G64*1000,0)),VALUE(SUBSTITUTE(RAW_699!G64,",","")))) -> 120305
A62: =RAW_699!A65 -> 2 | B62: =RAW_699!B65 -> Nhà máy Xi măng Trung Sơn (Công ty Cổ phần Xây dựng và Du lịch Bình Minh) | C62: =RAW_699!C65 -> Xóm Lộc Môn, xã Trung Sơn, huyện Lương Sơn, tỉnh Hòa Bình | D62: =IF(RAW_699!D65="","",IF(ISNUMBER(RAW_699!D65),TEXT(RAW_699!D65,"0"),RAW_699!D65)) -> 5400478632 | E62: =RAW_699!E65 -> Đỗ Trần Minh | F62: =IF(RAW_699!F65="","",IF(ISNUMBER(RAW_699!F65),IF(MOD(RAW_699!F65,1)=0,RAW_699!F65,ROUND(RAW_699!F65*1000,0)),VALUE(SUBSTITUTE(RAW_699!F65,",","")))) -> 648135 | G62: =IF(RAW_699!G65="","",IF(ISNUMBER(RAW_699!G65),IF(MOD(RAW_699!G65,1)=0,RAW_699!G65,ROUND(RAW_699!G65*1000,0)),VALUE(SUBSTITUTE(RAW_699!G65,",","")))) -> 709220
A63: =RAW_699!A66 -> 3 | B63: =RAW_699!B66 -> Nhà máy Xi măng Vĩnh Sơn (Công ty TNHH Xi măng Vĩnh Sơn) | C63: =RAW_699!C66 -> Xã Trung Sơn, huyện Lương Sơn, tỉnh Hòa Bình | D63: =IF(RAW_699!D66="","",IF(ISNUMBER(RAW_699!D66),TEXT(RAW_699!D66,"0"),RAW_699!D66)) -> 5400208756 | E63: =RAW_699!E66 -> Đỗ Quân | F63: =IF(RAW_699!F66="","",IF(ISNUMBER(RAW_699!F66),IF(MOD(RAW_699!F66,1)=0,RAW_699!F66,ROUND(RAW_699!F66*1000,0)),VALUE(SUBSTITUTE(RAW_699!F66,",","")))) -> 369109 | G63: =IF(RAW_699!G66="","",IF(ISNUMBER(RAW_699!G66),IF(MOD(RAW_699!G66,1)=0,RAW_699!G66,ROUND(RAW_699!G66*1000,0)),VALUE(SUBSTITUTE(RAW_699!G66,",","")))) -> 403897
A64: =RAW_699!A67 -> 4 | B64: =RAW_699!B67 -> Công ty Cổ phần Xi măng Mai Sơn | C64: =RAW_699!C67 -> Xã Nà Bó, huyện Mai Sơn, tỉnh Sơn La | D64: =IF(RAW_699!D67="","",IF(ISNUMBER(RAW_699!D67),TEXT(RAW_699!D67,"0"),RAW_699!D67)) -> 5500230970 | E64: =RAW_699!E67 -> Mã Đề Thuấn | F64: =IF(RAW_699!F67="","",IF(ISNUMBER(RAW_699!F67),IF(MOD(RAW_699!F67,1)=0,RAW_699!F67,ROUND(RAW_699!F67*1000,0)),VALUE(SUBSTITUTE(RAW_699!F67,",","")))) -> 359956 | G64: =IF(RAW_699!G67="","",IF(ISNUMBER(RAW_699!G67),IF(MOD(RAW_699!G67,1)=0,RAW_699!G67,ROUND(RAW_699!G67*1000,0)),VALUE(SUBSTITUTE(RAW_699!G67,",","")))) -> 393882
A65: =RAW_699!A68 -> 5 | B65: =RAW_699!B68 -> Nhà máy xi măng Điện Biên | C65: =RAW_699!C68 -> Bản Na Hai, xã Pom Lót, huyện Điện Biên, tỉnh Điện Biên | D65: =IF(RAW_699!D68="","",IF(ISNUMBER(RAW_699!D68),TEXT(RAW_699!D68,"0"),RAW_699!D68)) -> 5600177368 | E65: =RAW_699!E68 -> Trần Khác Đại | F65: =IF(RAW_699!F68="","",IF(ISNUMBER(RAW_699!F68),IF(MOD(RAW_699!F68,1)=0,RAW_699!F68,ROUND(RAW_699!F68*1000,0)),VALUE(SUBSTITUTE(RAW_699!F68,",","")))) -> 171860 | G65: =IF(RAW_699!G68="","",IF(ISNUMBER(RAW_699!G68),IF(MOD(RAW_699!G68,1)=0,RAW_699!G68,ROUND(RAW_699!G68*1000,0)),VALUE(SUBSTITUTE(RAW_699!G68,",","")))) -> 188058
A66: =RAW_699!A69 -> 6 | B66: =RAW_699!B69 -> Nhà máy Xi măng Yên Bái, Công ty Cổ phần Xi măng và Khoáng sản Yên Bái | C66: =RAW_699!C69 -> Thị trấn Yên Bình, huyện Yên Bình, tỉnh Yên Bái | D66: =IF(RAW_699!D69="","",IF(ISNUMBER(RAW_699!D69),TEXT(RAW_699!D69,"0"),RAW_699!D69)) -> 5200216647 | E66: =RAW_699!E69 -> Phạm Quang Phú | F66: =IF(RAW_699!F69="","",IF(ISNUMBER(RAW_699!F69),IF(MOD(RAW_699!F69,1)=0,RAW_699!F69,ROUND(RAW_699!F69*1000,0)),VALUE(SUBSTITUTE(RAW_699!F69,",","")))) -> 400233 | G66: =IF(RAW_699!G69="","",IF(ISNUMBER(RAW_699!G69),IF(MOD(RAW_699!G69,1)=0,RAW_699!G69,ROUND(RAW_699!G69*1000,0)),VALUE(SUBSTITUTE(RAW_699!G69,",","")))) -> 437954
A67: =RAW_699!A70 -> 7 | B67: =RAW_699!B70 -> Nhà máy Xi măng Yên Bình, Công ty Cổ phần Xi măng Yên Bình | C67: =RAW_699!C70 -> Thị trấn Yên Bình, huyện Yên Bình, tỉnh Yên Bái | D67: =IF(RAW_699!D70="","",IF(ISNUMBER(RAW_699!D70),TEXT(RAW_699!D70,"0"),RAW_699!D70)) -> 5200213597 | E67: =RAW_699!E70 -> Mai Thế Loan | F67: =IF(RAW_699!F70="","",IF(ISNUMBER(RAW_699!F70),IF(MOD(RAW_699!F70,1)=0,RAW_699!F70,ROUND(RAW_699!F70*1000,0)),VALUE(SUBSTITUTE(RAW_699!F70,",","")))) -> 598709 | G67: =IF(RAW_699!G70="","",IF(ISNUMBER(RAW_699!G70),IF(MOD(RAW_699!G70,1)=0,RAW_699!G70,ROUND(RAW_699!G70*1000,0)),VALUE(SUBSTITUTE(RAW_699!G70,",","")))) -> 655136
A68: =RAW_699!A71 -> 8 | B68: =RAW_699!B71 -> Công ty cổ phần xi măng Phú Thọ | C68: =RAW_699!C71 -> Khu 12, Thị trấn Thanh Ba, huyện Thanh Ba, tỉnh Phú Thọ | D68: =IF(RAW_699!D71="","",IF(ISNUMBER(RAW_699!D71),TEXT(RAW_699!D71,"0"),RAW_699!D71)) -> 2600116271 | E68: =RAW_699!E71 -> Tràn Tuấn Đạt | F68: =IF(RAW_699!F71="","",IF(ISNUMBER(RAW_699!F71),IF(MOD(RAW_699!F71,1)=0,RAW_699!F71,ROUND(RAW_699!F71*1000,0)),VALUE(SUBSTITUTE(RAW_699!F71,",","")))) -> 126022 | G68: =IF(RAW_699!G71="","",IF(ISNUMBER(RAW_699!G71),IF(MOD(RAW_699!G71,1)=0,RAW_699!G71,ROUND(RAW_699!G71*1000,0)),VALUE(SUBSTITUTE(RAW_699!G71,",","")))) -> 137899
A69: =RAW_699!A72 -> 9 | B69: =RAW_699!B72 -> Công ty cổ phần xi măng VIMCEM Sông Thao | C69: =RAW_699!C72 -> Xã Ninh Dân, huyện Thanh Ba, tỉnh Phú Thọ | D69: =IF(RAW_699!D72="","",IF(ISNUMBER(RAW_699!D72),TEXT(RAW_699!D72,"0"),RAW_699!D72)) -> 2600279082 | E69: =RAW_699!E72 -> Nguyễn Quang Huy | F69: =IF(RAW_699!F72="","",IF(ISNUMBER(RAW_699!F72),IF(MOD(RAW_699!F72,1)=0,RAW_699!F72,ROUND(RAW_699!F72*1000,0)),VALUE(SUBSTITUTE(RAW_699!F72,",","")))) -> 836948 | G69: =IF(RAW_699!G72="","",IF(ISNUMBER(RAW_699!G72),IF(MOD(RAW_699!G72,1)=0,RAW_699!G72,ROUND(RAW_699!G72*1000,0)),VALUE(SUBSTITUTE(RAW_699!G72,",","")))) -> 915828
A70: =RAW_699!A73 -> 10 | B70: =RAW_699!B73 -> Nhà máy xi măng Tuyên Quang, Công ty cổ phần xi măng Tuyên Quang | C70: =RAW_699!C73 -> Xã Tràng Đà, thành phố Tuyên Quang, tỉnh Tuyên Quang | D70: =IF(RAW_699!D73="","",IF(ISNUMBER(RAW_699!D73),TEXT(RAW_699!D73,"0"),RAW_699!D73)) -> 5000119170 | E70: =RAW_699!E73 -> Nguyễn Mạnh Danh | F70: =IF(RAW_699!F73="","",IF(ISNUMBER(RAW_699!F73),IF(MOD(RAW_699!F73,1)=0,RAW_699!F73,ROUND(RAW_699!F73*1000,0)),VALUE(SUBSTITUTE(RAW_699!F73,",","")))) -> 124008 | G70: =IF(RAW_699!G73="","",IF(ISNUMBER(RAW_699!G73),IF(MOD(RAW_699!G73,1)=0,RAW_699!G73,ROUND(RAW_699!G73*1000,0)),VALUE(SUBSTITUTE(RAW_699!G73,",","")))) -> 135696
A71: =RAW_699!A74 -> 11 | B71: =RAW_699!B74 -> Nhà máy xi măng Tân Quang, Công ty cổ phần xi măng Tân Quang- VVMI, Tổng công ty công nghiệp mỏ Việt Bắc TKV | C71: =RAW_699!C74 -> Xã Tràng Đà, thành phố Tuyên Quang, tỉnh Tuyên Quang | D71: =IF(RAW_699!D74="","",IF(ISNUMBER(RAW_699!D74),TEXT(RAW_699!D74,"0"),RAW_699!D74)) -> 5000280116 | E71: =RAW_699!E74 -> Lê Danh Thắng | F71: =IF(RAW_699!F74="","",IF(ISNUMBER(RAW_699!F74),IF(MOD(RAW_699!F74,1)=0,RAW_699!F74,ROUND(RAW_699!F74*1000,0)),VALUE(SUBSTITUTE(RAW_699!F74,",","")))) -> 638702 | G71: =IF(RAW_699!G74="","",IF(ISNUMBER(RAW_699!G74),IF(MOD(RAW_699!G74,1)=0,RAW_699!G74,ROUND(RAW_699!G74*1000,0)),VALUE(SUBSTITUTE(RAW_699!G74,",","")))) -> 698898
A72: =RAW_699!A75 -> 12 | B72: =RAW_699!B75 -> Nhà máy sản xuất Xi măng Quán Triều, Công ty Cổ phần Xi măng Quán Triều | C72: =RAW_699!C75 -> Xã An Khánh, huyện Đại Từ, tỉnh Thái Nguyên | D72: =IF(RAW_699!D75="","",IF(ISNUMBER(RAW_699!D75),TEXT(RAW_699!D75,"0"),RAW_699!D75)) -> 4600409377 | E72: =RAW_699!E75 -> Trần Việt Cường | F72: =IF(RAW_699!F75="","",IF(ISNUMBER(RAW_699!F75),IF(MOD(RAW_699!F75,1)=0,RAW_699!F75,ROUND(RAW_699!F75*1000,0)),VALUE(SUBSTITUTE(RAW_699!F75,",","")))) -> 592455 | G72: =IF(RAW_699!G75="","",IF(ISNUMBER(RAW_699!G75),IF(MOD(RAW_699!G75,1)=0,RAW_699!G75,ROUND(RAW_699!G75*1000,0)),VALUE(SUBSTITUTE(RAW_699!G75,",","")))) -> 648292
... A111: =RAW_699!A114 -> 51 | B111: =RAW_699!B114 -> Công ty TNHH Duyên Hà, Nhà máy xi măng Duyên Hà | C111: =RAW_699!C114 -> Thôn Hệ, xã Ninh Vân, huyện Hoa Lư, tỉnh Ninh Bình | D111: =IF(RAW_699!D114="","",IF(ISNUMBER(RAW_699!D114),TEXT(RAW_699!D114,"0"),RAW_699!D114)) -> 0100520789-002 | E111: =RAW_699!E114 -> Phạm Văn Duyên | F111: =IF(RAW_699!F114="","",IF(ISNUMBER(RAW_699!F114),IF(MOD(RAW_699!F114,1)=0,RAW_699!F114,ROUND(RAW_699!F114*1000,0)),VALUE(SUBSTITUTE(RAW_699!F114,",","")))) -> 1324157 | G111: =IF(RAW_699!G114="","",IF(ISNUMBER(RAW_699!G114),IF(MOD(RAW_699!G114,1)=0,RAW_699!G114,ROUND(RAW_699!G114*1000,0)),VALUE(SUBSTITUTE(RAW_699!G114,",","")))) -> 1448956

Sheet METHODOLOGY_EVIDENCE
A1: Component | B1: Current Rule | C1: Status | D1: Legal / Data Source | E1: Source URL | F1: Verified? | G1: Action Needed | H1: Notes
A2: Inventory criteria | B2: 3,000 tCO2e general threshold + category-specific 1,000 TOE / 65,000 t waste criteria | C2: Legal rule | D2: 48/VBHN-BNNMT, Article 6 | E2: https://datafiles.chinhphu.vn/cpp/files/vbpq/2026/4/48-vbhn-bnnmt.pdf | F2: YES | G2: None | H2: Threshold logic is now explicitly modelled.
A3: Effective inventory list on 13/09/2026 | B3: Decision 13/2024/QĐ-TTg | C3: Effective list | D3: Decision 13/2024/QĐ-TTg | E3: https://vanban.chinhphu.vn/?classid=1&docid=210939&pageid=27160&typegroupid=5 | F3: YES | G3: Switch to Decision 42 from 25/09/2026 | H3: Workbook uses assessment date to display the applicable list.
A4: Upcoming inventory list | B4: Decision 42/2026/QĐ-TTg from 25/09/2026 | C4: Issued, not yet effective on 13/09/2026 | D4: Decision 42/2026/QĐ-TTg, Article 3 | E4: https://vanban.chinhphu.vn/?classid=1&docid=219154&pageid=27160&typegroupid=5 | F4: YES | G4: None | H4: Decision 13 ceases to be effective when Decision 42 takes effect.
A5: 2025-2026 quota scope | B5: Thermal power; iron & steel; cement | C5: Legal rule | D5: 48/VBHN-BNNMT, Article 12(1) | E5: https://datafiles.chinhphu.vn/cpp/files/vbpq/2026/4/48-vbhn-bnnmt.pdf | F5: YES | G5: None | H5: Inventory obligation and quota obligation are deliberately separated.
A6: Official facility allocations | B6: 110 facilities; 34 thermal, 25 steel, 51 cement | C6: Official allocation | D6: Decision 699/QĐ-BNNMT | E6: https://dcc.mae.gov.vn/Pages/chi-tiet-tin-DCC.aspx?ItemID=3881&cm=0&mn=0 | F6: YES | G6: None | H6: Used as official lookup / compliance allowance, not as a forced model output.
A7: Historical window | B7: y-1, y-2, y-3 | C7: Legal formula | D7: Appendix I, Method No. 01 | E7: https://datafiles.chinhphu.vn/cpp/files/vbpq/2025/6/10-vbhn-bnnmt-kem.pdf | F7: YES | G7: None | H7: 2025 uses 2022-2024; 2026 uses 2023-2025.
A8: P_avg | B8: Average production across y-1, y-2, y-3 | C8: Legal formula | D8: Appendix I, Method No. 01 | E8: https://datafiles.chinhphu.vn/cpp/files/vbpq/2025/6/10-vbhn-bnnmt-kem.pdf | F8: YES | G8: Load verified historical production | H8: No calculation if any of the three years is missing.
A9: E_avg | B9: Average emissions across y-1, y-2, y-3 | C9: Legal formula | D9: Appendix I, Method No. 01 | E9: https://datafiles.chinhphu.vn/cpp/files/vbpq/2025/6/10-vbhn-bnnmt-kem.pdf | F9: YES* | G9: Load sector-compliant emissions data | H9: Historical allocation emissions must follow relevant sector technical guidance.
A10: B | B10: ΣE_avg / ΣP_avg by sector and allocation year | C10: Legal formula | D10: Appendix I, Method No. 01 | E10: https://datafiles.chinhphu.vn/cpp/files/vbpq/2025/6/10-vbhn-bnnmt-kem.pdf | F10: YES | G10: Requires complete sector dataset | H10: Engine refuses to calculate B when sector data are incomplete.
A11: g | B11: Sector growth target | C11: Legal parameter | D11: Appendix I, Method No. 01 | E11: https://datafiles.chinhphu.vn/cpp/files/vbpq/2025/6/10-vbhn-bnnmt-kem.pdf | F11: PARTIAL | G11: Find citable value for each sector/year | H11: Definition is verified; official numeric values are intentionally blank.
A12: r | B12: Sector GHG reduction target | C12: Legal parameter | D12: Appendix I, Method No. 01 | E12: https://datafiles.chinhphu.vn/cpp/files/vbpq/2025/6/10-vbhn-bnnmt-kem.pdf | F12: PARTIAL | G12: Find citable value for each sector/year | H12: Definition is verified; official numeric values are intentionally blank.
... A17: Borrowing cap | B17: ≤15% of current-phase allocated allowances | C17: Legal rule | D17: 48/VBHN-BNNMT, Article 19(6) | E17: https://datafiles.chinhphu.vn/cpp/files/vbpq/2026/4/48-vbhn-bnnmt.pdf | F17: YES | G17: None | H17: Applies through end-2030.

Sheet HISTORICAL_DATA
A1: Facility ID | B1: Facility Name | C1: Sector | D1: Calendar Year | E1: Production | F1: Production Unit | G1: Emissions | H1: Emissions Unit | I1: Production Source | J1: Emissions Source | K1: Data Status | M1: INPUT STATUS | N1: VALUE
A2: =FACILITIES!A2 -> F001 | B2: =FACILITIES!B2 -> Công ty nhiệt điện Na Dương | C2: =FACILITIES!C2 | D2: 2022 | F2: =IF(C2="Thermal power","kWh",IF(C2="Iron & steel","t crude steel",IF(C2="Cement","t clinker",""))) | H2: tCO2e | K2: =IF(AND(E2="",G2=""),"Pending",IF(OR(E2="",G2=""),"Partial",IF(OR(I2="",J2=""),"Entered - source needed","Ready"))) -> Pending | M2: Expected rows | N2: =110*4 -> 440
A3: =FACILITIES!A2 -> F001 | B3: =FACILITIES!B2 -> Công ty nhiệt điện Na Dương | C3: =FACILITIES!C2 | D3: 2023 | F3: =IF(C3="Thermal power","kWh",IF(C3="Iron & steel","t crude steel",IF(C3="Cement","t clinker",""))) | H3: tCO2e | K3: =IF(AND(E3="",G3=""),"Pending",IF(OR(E3="",G3=""),"Partial",IF(OR(I3="",J3=""),"Entered - source needed","Ready"))) -> Pending | M3: Historical rows created | N3: =COUNTA(D2:D441) -> 440
A4: =FACILITIES!A2 -> F001 | B4: =FACILITIES!B2 -> Công ty nhiệt điện Na Dương | C4: =FACILITIES!C2 | D4: 2024 | F4: =IF(C4="Thermal power","kWh",IF(C4="Iron & steel","t crude steel",IF(C4="Cement","t clinker",""))) | H4: tCO2e | K4: =IF(AND(E4="",G4=""),"Pending",IF(OR(E4="",G4=""),"Partial",IF(OR(I4="",J4=""),"Entered - source needed","Ready"))) -> Pending | M4: Production values entered | N4: =COUNT(E2:E441) -> 0
A5: =FACILITIES!A2 -> F001 | B5: =FACILITIES!B2 -> Công ty nhiệt điện Na Dương | C5: =FACILITIES!C2 | D5: 2025 | F5: =IF(C5="Thermal power","kWh",IF(C5="Iron & steel","t crude steel",IF(C5="Cement","t clinker",""))) | H5: tCO2e | K5: =IF(AND(E5="",G5=""),"Pending",IF(OR(E5="",G5=""),"Partial",IF(OR(I5="",J5=""),"Entered - source needed","Ready"))) -> Pending | M5: Emissions values entered | N5: =COUNT(G2:G441) -> 0
A6: =FACILITIES!A3 -> F002 | B6: =FACILITIES!B3 -> Công ty nhiệt điện Sơn động Việt Nam | C6: =FACILITIES!C3 | D6: 2022 | F6: =IF(C6="Thermal power","kWh",IF(C6="Iron & steel","t crude steel",IF(C6="Cement","t clinker",""))) | H6: tCO2e | K6: =IF(AND(E6="",G6=""),"Pending",IF(OR(E6="",G6=""),"Partial",IF(OR(I6="",J6=""),"Entered - source needed","Ready"))) -> Pending | M6: Rows with both sources | N6: =COUNTIFS(I2:I441,"<>",J2:J441,"<>") -> 0
A7: =FACILITIES!A3 -> F002 | B7: =FACILITIES!B3 -> Công ty nhiệt điện Sơn động Việt Nam | C7: =FACILITIES!C3 | D7: 2023 | F7: =IF(C7="Thermal power","kWh",IF(C7="Iron & steel","t crude steel",IF(C7="Cement","t clinker",""))) | H7: tCO2e | K7: =IF(AND(E7="",G7=""),"Pending",IF(OR(E7="",G7=""),"Partial",IF(OR(I7="",J7=""),"Entered - source needed","Ready"))) -> Pending | M7: Rows ready | N7: =COUNTIF(K2:K441,"Ready") -> 0
A8: =FACILITIES!A3 -> F002 | B8: =FACILITIES!B3 -> Công ty nhiệt điện Sơn động Việt Nam | C8: =FACILITIES!C3 | D8: 2024 | F8: =IF(C8="Thermal power","kWh",IF(C8="Iron & steel","t crude steel",IF(C8="Cement","t clinker",""))) | H8: tCO2e | K8: =IF(AND(E8="",G8=""),"Pending",IF(OR(E8="",G8=""),"Partial",IF(OR(I8="",J8=""),"Entered - source needed","Ready"))) -> Pending
A9: =FACILITIES!A3 -> F002 | B9: =FACILITIES!B3 -> Công ty nhiệt điện Sơn động Việt Nam | C9: =FACILITIES!C3 | D9: 2025 | F9: =IF(C9="Thermal power","kWh",IF(C9="Iron & steel","t crude steel",IF(C9="Cement","t clinker",""))) | H9: tCO2e | K9: =IF(AND(E9="",G9=""),"Pending",IF(OR(E9="",G9=""),"Partial",IF(OR(I9="",J9=""),"Entered - source needed","Ready"))) -> Pending | M9: ROLLING WINDOWS | N9: YEARS
A10: =FACILITIES!A4 -> F003 | B10: =FACILITIES!B4 -> Công ty Nhiệt điện Uông Bí | C10: =FACILITIES!C4 | D10: 2022 | F10: =IF(C10="Thermal power","kWh",IF(C10="Iron & steel","t crude steel",IF(C10="Cement","t clinker",""))) | H10: tCO2e | K10: =IF(AND(E10="",G10=""),"Pending",IF(OR(E10="",G10=""),"Partial",IF(OR(I10="",J10=""),"Entered - source needed","Ready"))) -> Pending | M10: Allocation 2025 | N10: 2022-2024
A11: =FACILITIES!A4 -> F003 | B11: =FACILITIES!B4 -> Công ty Nhiệt điện Uông Bí | C11: =FACILITIES!C4 | D11: 2023 | F11: =IF(C11="Thermal power","kWh",IF(C11="Iron & steel","t crude steel",IF(C11="Cement","t clinker",""))) | H11: tCO2e | K11: =IF(AND(E11="",G11=""),"Pending",IF(OR(E11="",G11=""),"Partial",IF(OR(I11="",J11=""),"Entered - source needed","Ready"))) -> Pending | M11: Allocation 2026 | N11: 2023-2025
A12: =FACILITIES!A4 -> F003 | B12: =FACILITIES!B4 -> Công ty Nhiệt điện Uông Bí | C12: =FACILITIES!C4 | D12: 2024 | F12: =IF(C12="Thermal power","kWh",IF(C12="Iron & steel","t crude steel",IF(C12="Cement","t clinker",""))) | H12: tCO2e | K12: =IF(AND(E12="",G12=""),"Pending",IF(OR(E12="",G12=""),"Partial",IF(OR(I12="",J12=""),"Entered - source needed","Ready"))) -> Pending | M12: Production inputs | N12: Yellow cells in column E
A13: =FACILITIES!A4 -> F003 | B13: =FACILITIES!B4 -> Công ty Nhiệt điện Uông Bí | C13: =FACILITIES!C4 | D13: 2025 | F13: =IF(C13="Thermal power","kWh",IF(C13="Iron & steel","t crude steel",IF(C13="Cement","t clinker",""))) | H13: tCO2e | K13: =IF(AND(E13="",G13=""),"Pending",IF(OR(E13="",G13=""),"Partial",IF(OR(I13="",J13=""),"Entered - source needed","Ready"))) -> Pending | M13: Emissions inputs | N13: Yellow cells in column G
A14: =FACILITIES!A5 -> F004 | B14: =FACILITIES!B5 -> Công ty Cổ phần Nhiệt điện Quảng Ninh | C14: =FACILITIES!C5 | D14: 2022 | F14: =IF(C14="Thermal power","kWh",IF(C14="Iron & steel","t crude steel",IF(C14="Cement","t clinker",""))) | H14: tCO2e | K14: =IF(AND(E14="",G14=""),"Pending",IF(OR(E14="",G14=""),"Partial",IF(OR(I14="",J14=""),"Entered - source needed","Ready"))) -> Pending
A15: =FACILITIES!A5 -> F004 | B15: =FACILITIES!B5 -> Công ty Cổ phần Nhiệt điện Quảng Ninh | C15: =FACILITIES!C5 | D15: 2023 | F15: =IF(C15="Thermal power","kWh",IF(C15="Iron & steel","t crude steel",IF(C15="Cement","t clinker",""))) | H15: tCO2e | K15: =IF(AND(E15="",G15=""),"Pending",IF(OR(E15="",G15=""),"Partial",IF(OR(I15="",J15=""),"Entered - source needed","Ready"))) -> Pending
A16: =FACILITIES!A5 -> F004 | B16: =FACILITIES!B5 -> Công ty Cổ phần Nhiệt điện Quảng Ninh | C16: =FACILITIES!C5 | D16: 2024 | F16: =IF(C16="Thermal power","kWh",IF(C16="Iron & steel","t crude steel",IF(C16="Cement","t clinker",""))) | H16: tCO2e | K16: =IF(AND(E16="",G16=""),"Pending",IF(OR(E16="",G16=""),"Partial",IF(OR(I16="",J16=""),"Entered - source needed","Ready"))) -> Pending
A17: =FACILITIES!A5 -> F004 | B17: =FACILITIES!B5 -> Công ty Cổ phần Nhiệt điện Quảng Ninh | C17: =FACILITIES!C5 | D17: 2025 | F17: =IF(C17="Thermal power","kWh",IF(C17="Iron & steel","t crude steel",IF(C17="Cement","t clinker",""))) | H17: tCO2e | K17: =IF(AND(E17="",G17=""),"Pending",IF(OR(E17="",G17=""),"Partial",IF(OR(I17="",J17=""),"Entered - source needed","Ready"))) -> Pending
A18: =FACILITIES!A6 -> F005 | B18: =FACILITIES!B6 -> Công ty Nhiệt điện Cẩm Phả - TKV | C18: =FACILITIES!C6 | D18: 2022 | F18: =IF(C18="Thermal power","kWh",IF(C18="Iron & steel","t crude steel",IF(C18="Cement","t clinker",""))) | H18: tCO2e | K18: =IF(AND(E18="",G18=""),"Pending",IF(OR(E18="",G18=""),"Partial",IF(OR(I18="",J18=""),"Entered - source needed","Ready"))) -> Pending
A19: =FACILITIES!A6 -> F005 | B19: =FACILITIES!B6 -> Công ty Nhiệt điện Cẩm Phả - TKV | C19: =FACILITIES!C6 | D19: 2023 | F19: =IF(C19="Thermal power","kWh",IF(C19="Iron & steel","t crude steel",IF(C19="Cement","t clinker",""))) | H19: tCO2e | K19: =IF(AND(E19="",G19=""),"Pending",IF(OR(E19="",G19=""),"Partial",IF(OR(I19="",J19=""),"Entered - source needed","Ready"))) -> Pending
A20: =FACILITIES!A6 -> F005 | B20: =FACILITIES!B6 -> Công ty Nhiệt điện Cẩm Phả - TKV | C20: =FACILITIES!C6 | D20: 2024 | F20: =IF(C20="Thermal power","kWh",IF(C20="Iron & steel","t crude steel",IF(C20="Cement","t clinker",""))) | H20: tCO2e | K20: =IF(AND(E20="",G20=""),"Pending",IF(OR(E20="",G20=""),"Partial",IF(OR(I20="",J20=""),"Entered - source needed","Ready"))) -> Pending
A21: =FACILITIES!A6 -> F005 | B21: =FACILITIES!B6 -> Công ty Nhiệt điện Cẩm Phả - TKV | C21: =FACILITIES!C6 | D21: 2025 | F21: =IF(C21="Thermal power","kWh",IF(C21="Iron & steel","t crude steel",IF(C21="Cement","t clinker",""))) | H21: tCO2e | K21: =IF(AND(E21="",G21=""),"Pending",IF(OR(E21="",G21=""),"Partial",IF(OR(I21="",J21=""),"Entered - source needed","Ready"))) -> Pending
A22: =FACILITIES!A7 -> F006 | B22: =FACILITIES!B7 -> Công ty TNHH Điện Lực AES Mông Dương - Nhà máy nhiệt điện Mông Dương II | C22: =FACILITIES!C7 | D22: 2022 | F22: =IF(C22="Thermal power","kWh",IF(C22="Iron & steel","t crude steel",IF(C22="Cement","t clinker",""))) | H22: tCO2e | K22: =IF(AND(E22="",G22=""),"Pending",IF(OR(E22="",G22=""),"Partial",IF(OR(I22="",J22=""),"Entered - source needed","Ready"))) -> Pending
A23: =FACILITIES!A7 -> F006 | B23: =FACILITIES!B7 -> Công ty TNHH Điện Lực AES Mông Dương - Nhà máy nhiệt điện Mông Dương II | C23: =FACILITIES!C7 | D23: 2023 | F23: =IF(C23="Thermal power","kWh",IF(C23="Iron & steel","t crude steel",IF(C23="Cement","t clinker",""))) | H23: tCO2e | K23: =IF(AND(E23="",G23=""),"Pending",IF(OR(E23="",G23=""),"Partial",IF(OR(I23="",J23=""),"Entered - source needed","Ready"))) -> Pending
A24: =FACILITIES!A7 -> F006 | B24: =FACILITIES!B7 -> Công ty TNHH Điện Lực AES Mông Dương - Nhà máy nhiệt điện Mông Dương II | C24: =FACILITIES!C7 | D24: 2024 | F24: =IF(C24="Thermal power","kWh",IF(C24="Iron & steel","t crude steel",IF(C24="Cement","t clinker",""))) | H24: tCO2e | K24: =IF(AND(E24="",G24=""),"Pending",IF(OR(E24="",G24=""),"Partial",IF(OR(I24="",J24=""),"Entered - source needed","Ready"))) -> Pending
A25: =FACILITIES!A7 -> F006 | B25: =FACILITIES!B7 -> Công ty TNHH Điện Lực AES Mông Dương - Nhà máy nhiệt điện Mông Dương II | C25: =FACILITIES!C7 | D25: 2025 | F25: =IF(C25="Thermal power","kWh",IF(C25="Iron & steel","t crude steel",IF(C25="Cement","t clinker",""))) | H25: tCO2e | K25: =IF(AND(E25="",G25=""),"Pending",IF(OR(E25="",G25=""),"Partial",IF(OR(I25="",J25=""),"Entered - source needed","Ready"))) -> Pending
A26: =FACILITIES!A8 -> F007 | B26: =FACILITIES!B8 -> Công ty Nhiệt điện Đông Triều - TKV - Nhà máy nhiệt điện Mạo Khê | C26: =FACILITIES!C8 | D26: 2022 | F26: =IF(C26="Thermal power","kWh",IF(C26="Iron & steel","t crude steel",IF(C26="Cement","t clinker",""))) | H26: tCO2e | K26: =IF(AND(E26="",G26=""),"Pending",IF(OR(E26="",G26=""),"Partial",IF(OR(I26="",J26=""),"Entered - source needed","Ready"))) -> Pending
A27: =FACILITIES!A8 -> F007 | B27: =FACILITIES!B8 -> Công ty Nhiệt điện Đông Triều - TKV - Nhà máy nhiệt điện Mạo Khê | C27: =FACILITIES!C8 | D27: 2023 | F27: =IF(C27="Thermal power","kWh",IF(C27="Iron & steel","t crude steel",IF(C27="Cement","t clinker",""))) | H27: tCO2e | K27: =IF(AND(E27="",G27=""),"Pending",IF(OR(E27="",G27=""),"Partial",IF(OR(I27="",J27=""),"Entered - source needed","Ready"))) -> Pending
A28: =FACILITIES!A8 -> F007 | B28: =FACILITIES!B8 -> Công ty Nhiệt điện Đông Triều - TKV - Nhà máy nhiệt điện Mạo Khê | C28: =FACILITIES!C8 | D28: 2024 | F28: =IF(C28="Thermal power","kWh",IF(C28="Iron & steel","t crude steel",IF(C28="Cement","t clinker",""))) | H28: tCO2e | K28: =IF(AND(E28="",G28=""),"Pending",IF(OR(E28="",G28=""),"Partial",IF(OR(I28="",J28=""),"Entered - source needed","Ready"))) -> Pending
A29: =FACILITIES!A8 -> F007 | B29: =FACILITIES!B8 -> Công ty Nhiệt điện Đông Triều - TKV - Nhà máy nhiệt điện Mạo Khê | C29: =FACILITIES!C8 | D29: 2025 | F29: =IF(C29="Thermal power","kWh",IF(C29="Iron & steel","t crude steel",IF(C29="Cement","t clinker",""))) | H29: tCO2e | K29: =IF(AND(E29="",G29=""),"Pending",IF(OR(E29="",G29=""),"Partial",IF(OR(I29="",J29=""),"Entered - source needed","Ready"))) -> Pending
A30: =FACILITIES!A9 -> F008 | B30: =FACILITIES!B9 -> Nhà máy nhiệt điện Mông Dương I - Công ty Nhiệt điện Mông Dương | C30: =FACILITIES!C9 | D30: 2022 | F30: =IF(C30="Thermal power","kWh",IF(C30="Iron & steel","t crude steel",IF(C30="Cement","t clinker",""))) | H30: tCO2e | K30: =IF(AND(E30="",G30=""),"Pending",IF(OR(E30="",G30=""),"Partial",IF(OR(I30="",J30=""),"Entered - source needed","Ready"))) -> Pending
A31: =FACILITIES!A9 -> F008 | B31: =FACILITIES!B9 -> Nhà máy nhiệt điện Mông Dương I - Công ty Nhiệt điện Mông Dương | C31: =FACILITIES!C9 | D31: 2023 | F31: =IF(C31="Thermal power","kWh",IF(C31="Iron & steel","t crude steel",IF(C31="Cement","t clinker",""))) | H31: tCO2e | K31: =IF(AND(E31="",G31=""),"Pending",IF(OR(E31="",G31=""),"Partial",IF(OR(I31="",J31=""),"Entered - source needed","Ready"))) -> Pending
A32: =FACILITIES!A9 -> F008 | B32: =FACILITIES!B9 -> Nhà máy nhiệt điện Mông Dương I - Công ty Nhiệt điện Mông Dương | C32: =FACILITIES!C9 | D32: 2024 | F32: =IF(C32="Thermal power","kWh",IF(C32="Iron & steel","t crude steel",IF(C32="Cement","t clinker",""))) | H32: tCO2e | K32: =IF(AND(E32="",G32=""),"Pending",IF(OR(E32="",G32=""),"Partial",IF(OR(I32="",J32=""),"Entered - source needed","Ready"))) -> Pending
A33: =FACILITIES!A9 -> F008 | B33: =FACILITIES!B9 -> Nhà máy nhiệt điện Mông Dương I - Công ty Nhiệt điện Mông Dương | C33: =FACILITIES!C9 | D33: 2025 | F33: =IF(C33="Thermal power","kWh",IF(C33="Iron & steel","t crude steel",IF(C33="Cement","t clinker",""))) | H33: tCO2e | K33: =IF(AND(E33="",G33=""),"Pending",IF(OR(E33="",G33=""),"Partial",IF(OR(I33="",J33=""),"Entered - source needed","Ready"))) -> Pending
A34: =FACILITIES!A10 -> F009 | B34: =FACILITIES!B10 -> Công ty Cổ phần Nhiệt điện Hải Phòng | C34: =FACILITIES!C10 | D34: 2022 | F34: =IF(C34="Thermal power","kWh",IF(C34="Iron & steel","t crude steel",IF(C34="Cement","t clinker",""))) | H34: tCO2e | K34: =IF(AND(E34="",G34=""),"Pending",IF(OR(E34="",G34=""),"Partial",IF(OR(I34="",J34=""),"Entered - source needed","Ready"))) -> Pending
A35: =FACILITIES!A10 -> F009 | B35: =FACILITIES!B10 -> Công ty Cổ phần Nhiệt điện Hải Phòng | C35: =FACILITIES!C10 | D35: 2023 | F35: =IF(C35="Thermal power","kWh",IF(C35="Iron & steel","t crude steel",IF(C35="Cement","t clinker",""))) | H35: tCO2e | K35: =IF(AND(E35="",G35=""),"Pending",IF(OR(E35="",G35=""),"Partial",IF(OR(I35="",J35=""),"Entered - source needed","Ready"))) -> Pending
A36: =FACILITIES!A10 -> F009 | B36: =FACILITIES!B10 -> Công ty Cổ phần Nhiệt điện Hải Phòng | C36: =FACILITIES!C10 | D36: 2024 | F36: =IF(C36="Thermal power","kWh",IF(C36="Iron & steel","t crude steel",IF(C36="Cement","t clinker",""))) | H36: tCO2e | K36: =IF(AND(E36="",G36=""),"Pending",IF(OR(E36="",G36=""),"Partial",IF(OR(I36="",J36=""),"Entered - source needed","Ready"))) -> Pending
A37: =FACILITIES!A10 -> F009 | B37: =FACILITIES!B10 -> Công ty Cổ phần Nhiệt điện Hải Phòng | C37: =FACILITIES!C10 | D37: 2025 | F37: =IF(C37="Thermal power","kWh",IF(C37="Iron & steel","t crude steel",IF(C37="Cement","t clinker",""))) | H37: tCO2e | K37: =IF(AND(E37="",G37=""),"Pending",IF(OR(E37="",G37=""),"Partial",IF(OR(I37="",J37=""),"Entered - source needed","Ready"))) -> Pending
A38: =FACILITIES!A11 -> F010 | B38: =FACILITIES!B11 -> Nhà máy điện Nghi Sơn 1 | C38: =FACILITIES!C11 | D38: 2022 | F38: =IF(C38="Thermal power","kWh",IF(C38="Iron & steel","t crude steel",IF(C38="Cement","t clinker",""))) | H38: tCO2e | K38: =IF(AND(E38="",G38=""),"Pending",IF(OR(E38="",G38=""),"Partial",IF(OR(I38="",J38=""),"Entered - source needed","Ready"))) -> Pending
A39: =FACILITIES!A11 -> F010 | B39: =FACILITIES!B11 -> Nhà máy điện Nghi Sơn 1 | C39: =FACILITIES!C11 | D39: 2023 | F39: =IF(C39="Thermal power","kWh",IF(C39="Iron & steel","t crude steel",IF(C39="Cement","t clinker",""))) | H39: tCO2e | K39: =IF(AND(E39="",G39=""),"Pending",IF(OR(E39="",G39=""),"Partial",IF(OR(I39="",J39=""),"Entered - source needed","Ready"))) -> Pending
A40: =FACILITIES!A11 -> F010 | B40: =FACILITIES!B11 -> Nhà máy điện Nghi Sơn 1 | C40: =FACILITIES!C11 | D40: 2024 | F40: =IF(C40="Thermal power","kWh",IF(C40="Iron & steel","t crude steel",IF(C40="Cement","t clinker",""))) | H40: tCO2e | K40: =IF(AND(E40="",G40=""),"Pending",IF(OR(E40="",G40=""),"Partial",IF(OR(I40="",J40=""),"Entered - source needed","Ready"))) -> Pending
A41: =FACILITIES!A11 -> F010 | B41: =FACILITIES!B11 -> Nhà máy điện Nghi Sơn 1 | C41: =FACILITIES!C11 | D41: 2025 | F41: =IF(C41="Thermal power","kWh",IF(C41="Iron & steel","t crude steel",IF(C41="Cement","t clinker",""))) | H41: tCO2e | K41: =IF(AND(E41="",G41=""),"Pending",IF(OR(E41="",G41=""),"Partial",IF(OR(I41="",J41=""),"Entered - source needed","Ready"))) -> Pending
A42: =FACILITIES!A12 -> F011 | B42: =FACILITIES!B12 -> Công ty Điện lực Dầu khí Hà Tĩnh | C42: =FACILITIES!C12 | D42: 2022 | F42: =IF(C42="Thermal power","kWh",IF(C42="Iron & steel","t crude steel",IF(C42="Cement","t clinker",""))) | H42: tCO2e | K42: =IF(AND(E42="",G42=""),"Pending",IF(OR(E42="",G42=""),"Partial",IF(OR(I42="",J42=""),"Entered - source needed","Ready"))) -> Pending
A43: =FACILITIES!A12 -> F011 | B43: =FACILITIES!B12 -> Công ty Điện lực Dầu khí Hà Tĩnh | C43: =FACILITIES!C12 | D43: 2023 | F43: =IF(C43="Thermal power","kWh",IF(C43="Iron & steel","t crude steel",IF(C43="Cement","t clinker",""))) | H43: tCO2e | K43: =IF(AND(E43="",G43=""),"Pending",IF(OR(E43="",G43=""),"Partial",IF(OR(I43="",J43=""),"Entered - source needed","Ready"))) -> Pending
A44: =FACILITIES!A12 -> F011 | B44: =FACILITIES!B12 -> Công ty Điện lực Dầu khí Hà Tĩnh | C44: =FACILITIES!C12 | D44: 2024 | F44: =IF(C44="Thermal power","kWh",IF(C44="Iron & steel","t crude steel",IF(C44="Cement","t clinker",""))) | H44: tCO2e | K44: =IF(AND(E44="",G44=""),"Pending",IF(OR(E44="",G44=""),"Partial",IF(OR(I44="",J44=""),"Entered - source needed","Ready"))) -> Pending
A45: =FACILITIES!A12 -> F011 | B45: =FACILITIES!B12 -> Công ty Điện lực Dầu khí Hà Tĩnh | C45: =FACILITIES!C12 | D45: 2025 | F45: =IF(C45="Thermal power","kWh",IF(C45="Iron & steel","t crude steel",IF(C45="Cement","t clinker",""))) | H45: tCO2e | K45: =IF(AND(E45="",G45=""),"Pending",IF(OR(E45="",G45=""),"Partial",IF(OR(I45="",J45=""),"Entered - source needed","Ready"))) -> Pending
A46: =FACILITIES!A13 -> F012 | B46: =FACILITIES!B13 -> Công ty TNHH Hưng Nghiệp Formosa | C46: =FACILITIES!C13 | D46: 2022 | F46: =IF(C46="Thermal power","kWh",IF(C46="Iron & steel","t crude steel",IF(C46="Cement","t clinker",""))) | H46: tCO2e | K46: =IF(AND(E46="",G46=""),"Pending",IF(OR(E46="",G46=""),"Partial",IF(OR(I46="",J46=""),"Entered - source needed","Ready"))) -> Pending
A47: =FACILITIES!A13 -> F012 | B47: =FACILITIES!B13 -> Công ty TNHH Hưng Nghiệp Formosa | C47: =FACILITIES!C13 | D47: 2023 | F47: =IF(C47="Thermal power","kWh",IF(C47="Iron & steel","t crude steel",IF(C47="Cement","t clinker",""))) | H47: tCO2e | K47: =IF(AND(E47="",G47=""),"Pending",IF(OR(E47="",G47=""),"Partial",IF(OR(I47="",J47=""),"Entered - source needed","Ready"))) -> Pending
A48: =FACILITIES!A13 -> F012 | B48: =FACILITIES!B13 -> Công ty TNHH Hưng Nghiệp Formosa | C48: =FACILITIES!C13 | D48: 2024 | F48: =IF(C48="Thermal power","kWh",IF(C48="Iron & steel","t crude steel",IF(C48="Cement","t clinker",""))) | H48: tCO2e | K48: =IF(AND(E48="",G48=""),"Pending",IF(OR(E48="",G48=""),"Partial",IF(OR(I48="",J48=""),"Entered - source needed","Ready"))) -> Pending
A49: =FACILITIES!A13 -> F012 | B49: =FACILITIES!B13 -> Công ty TNHH Hưng Nghiệp Formosa | C49: =FACILITIES!C13 | D49: 2025 | F49: =IF(C49="Thermal power","kWh",IF(C49="Iron & steel","t crude steel",IF(C49="Cement","t clinker",""))) | H49: tCO2e | K49: =IF(AND(E49="",G49=""),"Pending",IF(OR(E49="",G49=""),"Partial",IF(OR(I49="",J49=""),"Entered - source needed","Ready"))) -> Pending
A50: =FACILITIES!A14 -> F013 | B50: =FACILITIES!B14 -> Công ty TNHH Điện lực Vĩnh Tân 1 (Nhà máy nhiệt điện BOT Vĩnh Tân 1) | C50: =FACILITIES!C14 | D50: 2022 | F50: =IF(C50="Thermal power","kWh",IF(C50="Iron & steel","t crude steel",IF(C50="Cement","t clinker",""))) | H50: tCO2e | K50: =IF(AND(E50="",G50=""),"Pending",IF(OR(E50="",G50=""),"Partial",IF(OR(I50="",J50=""),"Entered - source needed","Ready"))) -> Pending
A51: =FACILITIES!A14 -> F013 | B51: =FACILITIES!B14 -> Công ty TNHH Điện lực Vĩnh Tân 1 (Nhà máy nhiệt điện BOT Vĩnh Tân 1) | C51: =FACILITIES!C14 | D51: 2023 | F51: =IF(C51="Thermal power","kWh",IF(C51="Iron & steel","t crude steel",IF(C51="Cement","t clinker",""))) | H51: tCO2e | K51: =IF(AND(E51="",G51=""),"Pending",IF(OR(E51="",G51=""),"Partial",IF(OR(I51="",J51=""),"Entered - source needed","Ready"))) -> Pending
A52: =FACILITIES!A14 -> F013 | B52: =FACILITIES!B14 -> Công ty TNHH Điện lực Vĩnh Tân 1 (Nhà máy nhiệt điện BOT Vĩnh Tân 1) | C52: =FACILITIES!C14 | D52: 2024 | F52: =IF(C52="Thermal power","kWh",IF(C52="Iron & steel","t crude steel",IF(C52="Cement","t clinker",""))) | H52: tCO2e | K52: =IF(AND(E52="",G52=""),"Pending",IF(OR(E52="",G52=""),"Partial",IF(OR(I52="",J52=""),"Entered - source needed","Ready"))) -> Pending
A53: =FACILITIES!A14 -> F013 | B53: =FACILITIES!B14 -> Công ty TNHH Điện lực Vĩnh Tân 1 (Nhà máy nhiệt điện BOT Vĩnh Tân 1) | C53: =FACILITIES!C14 | D53: 2025 | F53: =IF(C53="Thermal power","kWh",IF(C53="Iron & steel","t crude steel",IF(C53="Cement","t clinker",""))) | H53: tCO2e | K53: =IF(AND(E53="",G53=""),"Pending",IF(OR(E53="",G53=""),"Partial",IF(OR(I53="",J53=""),"Entered - source needed","Ready"))) -> Pending
A54: =FACILITIES!A15 -> F014 | B54: =FACILITIES!B15 -> Công ty Nhiệt điện Vĩnh Tân -CW nhánh TNHH MTV Tổng công ty Phát điện 3 (Nhà máy nhiệt điện Vĩnh Tân 2) | C54: =FACILITIES!C15 | D54: 2022 | F54: =IF(C54="Thermal power","kWh",IF(C54="Iron & steel","t crude steel",IF(C54="Cement","t clinker",""))) | H54: tCO2e | K54: =IF(AND(E54="",G54=""),"Pending",IF(OR(E54="",G54=""),"Partial",IF(OR(I54="",J54=""),"Entered - source needed","Ready"))) -> Pending
A55: =FACILITIES!A15 -> F014 | B55: =FACILITIES!B15 -> Công ty Nhiệt điện Vĩnh Tân -CW nhánh TNHH MTV Tổng công ty Phát điện 3 (Nhà máy nhiệt điện Vĩnh Tân 2) | C55: =FACILITIES!C15 | D55: 2023 | F55: =IF(C55="Thermal power","kWh",IF(C55="Iron & steel","t crude steel",IF(C55="Cement","t clinker",""))) | H55: tCO2e | K55: =IF(AND(E55="",G55=""),"Pending",IF(OR(E55="",G55=""),"Partial",IF(OR(I55="",J55=""),"Entered - source needed","Ready"))) -> Pending
A56: =FACILITIES!A15 -> F014 | B56: =FACILITIES!B15 -> Công ty Nhiệt điện Vĩnh Tân -CW nhánh TNHH MTV Tổng công ty Phát điện 3 (Nhà máy nhiệt điện Vĩnh Tân 2) | C56: =FACILITIES!C15 | D56: 2024 | F56: =IF(C56="Thermal power","kWh",IF(C56="Iron & steel","t crude steel",IF(C56="Cement","t clinker",""))) | H56: tCO2e | K56: =IF(AND(E56="",G56=""),"Pending",IF(OR(E56="",G56=""),"Partial",IF(OR(I56="",J56=""),"Entered - source needed","Ready"))) -> Pending
A57: =FACILITIES!A15 -> F014 | B57: =FACILITIES!B15 -> Công ty Nhiệt điện Vĩnh Tân -CW nhánh TNHH MTV Tổng công ty Phát điện 3 (Nhà máy nhiệt điện Vĩnh Tân 2) | C57: =FACILITIES!C15 | D57: 2025 | F57: =IF(C57="Thermal power","kWh",IF(C57="Iron & steel","t crude steel",IF(C57="Cement","t clinker",""))) | H57: tCO2e | K57: =IF(AND(E57="",G57=""),"Pending",IF(OR(E57="",G57=""),"Partial",IF(OR(I57="",J57=""),"Entered - source needed","Ready"))) -> Pending
A58: =FACILITIES!A16 -> F015 | B58: =FACILITIES!B16 -> Nhà máy nhiệt điện Vĩnh Tân 4 - 4 Mở rộng - Chi nhánh Tập đoàn Điện lực Việt Nam | C58: =FACILITIES!C16 | D58: 2022 | F58: =IF(C58="Thermal power","kWh",IF(C58="Iron & steel","t crude steel",IF(C58="Cement","t clinker",""))) | H58: tCO2e | K58: =IF(AND(E58="",G58=""),"Pending",IF(OR(E58="",G58=""),"Partial",IF(OR(I58="",J58=""),"Entered - source needed","Ready"))) -> Pending
A59: =FACILITIES!A16 -> F015 | B59: =FACILITIES!B16 -> Nhà máy nhiệt điện Vĩnh Tân 4 - 4 Mở rộng - Chi nhánh Tập đoàn Điện lực Việt Nam | C59: =FACILITIES!C16 | D59: 2023 | F59: =IF(C59="Thermal power","kWh",IF(C59="Iron & steel","t crude steel",IF(C59="Cement","t clinker",""))) | H59: tCO2e | K59: =IF(AND(E59="",G59=""),"Pending",IF(OR(E59="",G59=""),"Partial",IF(OR(I59="",J59=""),"Entered - source needed","Ready"))) -> Pending
A60: =FACILITIES!A16 -> F015 | B60: =FACILITIES!B16 -> Nhà máy nhiệt điện Vĩnh Tân 4 - 4 Mở rộng - Chi nhánh Tập đoàn Điện lực Việt Nam | C60: =FACILITIES!C16 | D60: 2024 | F60: =IF(C60="Thermal power","kWh",IF(C60="Iron & steel","t crude steel",IF(C60="Cement","t clinker",""))) | H60: tCO2e | K60: =IF(AND(E60="",G60=""),"Pending",IF(OR(E60="",G60=""),"Partial",IF(OR(I60="",J60=""),"Entered - source needed","Ready"))) -> Pending
A61: =FACILITIES!A16 -> F015 | B61: =FACILITIES!B16 -> Nhà máy nhiệt điện Vĩnh Tân 4 - 4 Mở rộng - Chi nhánh Tập đoàn Điện lực Việt Nam | C61: =FACILITIES!C16 | D61: 2025 | F61: =IF(C61="Thermal power","kWh",IF(C61="Iron & steel","t crude steel",IF(C61="Cement","t clinker",""))) | H61: tCO2e | K61: =IF(AND(E61="",G61=""),"Pending",IF(OR(E61="",G61=""),"Partial",IF(OR(I61="",J61=""),"Entered - source needed","Ready"))) -> Pending
A62: =FACILITIES!A17 -> F016 | B62: =FACILITIES!B17 -> Nhà máy điện Diesel Phú Quý | C62: =FACILITIES!C17 | D62: 2022 | F62: =IF(C62="Thermal power","kWh",IF(C62="Iron & steel","t crude steel",IF(C62="Cement","t clinker",""))) | H62: tCO2e | K62: =IF(AND(E62="",G62=""),"Pending",IF(OR(E62="",G62=""),"Partial",IF(OR(I62="",J62=""),"Entered - source needed","Ready"))) -> Pending
A63: =FACILITIES!A17 -> F016 | B63: =FACILITIES!B17 -> Nhà máy điện Diesel Phú Quý | C63: =FACILITIES!C17 | D63: 2023 | F63: =IF(C63="Thermal power","kWh",IF(C63="Iron & steel","t crude steel",IF(C63="Cement","t clinker",""))) | H63: tCO2e | K63: =IF(AND(E63="",G63=""),"Pending",IF(OR(E63="",G63=""),"Partial",IF(OR(I63="",J63=""),"Entered - source needed","Ready"))) -> Pending
A64: =FACILITIES!A17 -> F016 | B64: =FACILITIES!B17 -> Nhà máy điện Diesel Phú Quý | C64: =FACILITIES!C17 | D64: 2024 | F64: =IF(C64="Thermal power","kWh",IF(C64="Iron & steel","t crude steel",IF(C64="Cement","t clinker",""))) | H64: tCO2e | K64: =IF(AND(E64="",G64=""),"Pending",IF(OR(E64="",G64=""),"Partial",IF(OR(I64="",J64=""),"Entered - source needed","Ready"))) -> Pending
A65: =FACILITIES!A17 -> F016 | B65: =FACILITIES!B17 -> Nhà máy điện Diesel Phú Quý | C65: =FACILITIES!C17 | D65: 2025 | F65: =IF(C65="Thermal power","kWh",IF(C65="Iron & steel","t crude steel",IF(C65="Cement","t clinker",""))) | H65: tCO2e | K65: =IF(AND(E65="",G65=""),"Pending",IF(OR(E65="",G65=""),"Partial",IF(OR(I65="",J65=""),"Entered - source needed","Ready"))) -> Pending
A66: =FACILITIES!A18 -> F017 | B66: =FACILITIES!B18 -> Nhà máy nhiệt điện Phú Mỹ 1 - Công ty Nhiệt điện Phú Mỹ | C66: =FACILITIES!C18 | D66: 2022 | F66: =IF(C66="Thermal power","kWh",IF(C66="Iron & steel","t crude steel",IF(C66="Cement","t clinker",""))) | H66: tCO2e | K66: =IF(AND(E66="",G66=""),"Pending",IF(OR(E66="",G66=""),"Partial",IF(OR(I66="",J66=""),"Entered - source needed","Ready"))) -> Pending
A67: =FACILITIES!A18 -> F017 | B67: =FACILITIES!B18 -> Nhà máy nhiệt điện Phú Mỹ 1 - Công ty Nhiệt điện Phú Mỹ | C67: =FACILITIES!C18 | D67: 2023 | F67: =IF(C67="Thermal power","kWh",IF(C67="Iron & steel","t crude steel",IF(C67="Cement","t clinker",""))) | H67: tCO2e | K67: =IF(AND(E67="",G67=""),"Pending",IF(OR(E67="",G67=""),"Partial",IF(OR(I67="",J67=""),"Entered - source needed","Ready"))) -> Pending
A68: =FACILITIES!A18 -> F017 | B68: =FACILITIES!B18 -> Nhà máy nhiệt điện Phú Mỹ 1 - Công ty Nhiệt điện Phú Mỹ | C68: =FACILITIES!C18 | D68: 2024 | F68: =IF(C68="Thermal power","kWh",IF(C68="Iron & steel","t crude steel",IF(C68="Cement","t clinker",""))) | H68: tCO2e | K68: =IF(AND(E68="",G68=""),"Pending",IF(OR(E68="",G68=""),"Partial",IF(OR(I68="",J68=""),"Entered - source needed","Ready"))) -> Pending
A69: =FACILITIES!A18 -> F017 | B69: =FACILITIES!B18 -> Nhà máy nhiệt điện Phú Mỹ 1 - Công ty Nhiệt điện Phú Mỹ | C69: =FACILITIES!C18 | D69: 2025 | F69: =IF(C69="Thermal power","kWh",IF(C69="Iron & steel","t crude steel",IF(C69="Cement","t clinker",""))) | H69: tCO2e | K69: =IF(AND(E69="",G69=""),"Pending",IF(OR(E69="",G69=""),"Partial",IF(OR(I69="",J69=""),"Entered - source needed","Ready"))) -> Pending
A70: =FACILITIES!A19 -> F018 | B70: =FACILITIES!B19 -> Nhà máy nhiệt điện Phú Mỹ 2,1 và Phú Mỹ 2,1 mở rộng - Công ty Nhiệt điện Phú Mỹ | C70: =FACILITIES!C19 | D70: 2022 | F70: =IF(C70="Thermal power","kWh",IF(C70="Iron & steel","t crude steel",IF(C70="Cement","t clinker",""))) | H70: tCO2e | K70: =IF(AND(E70="",G70=""),"Pending",IF(OR(E70="",G70=""),"Partial",IF(OR(I70="",J70=""),"Entered - source needed","Ready"))) -> Pending
A71: =FACILITIES!A19 -> F018 | B71: =FACILITIES!B19 -> Nhà máy nhiệt điện Phú Mỹ 2,1 và Phú Mỹ 2,1 mở rộng - Công ty Nhiệt điện Phú Mỹ | C71: =FACILITIES!C19 | D71: 2023 | F71: =IF(C71="Thermal power","kWh",IF(C71="Iron & steel","t crude steel",IF(C71="Cement","t clinker",""))) | H71: tCO2e | K71: =IF(AND(E71="",G71=""),"Pending",IF(OR(E71="",G71=""),"Partial",IF(OR(I71="",J71=""),"Entered - source needed","Ready"))) -> Pending
A72: =FACILITIES!A19 -> F018 | B72: =FACILITIES!B19 -> Nhà máy nhiệt điện Phú Mỹ 2,1 và Phú Mỹ 2,1 mở rộng - Công ty Nhiệt điện Phú Mỹ | C72: =FACILITIES!C19 | D72: 2024 | F72: =IF(C72="Thermal power","kWh",IF(C72="Iron & steel","t crude steel",IF(C72="Cement","t clinker",""))) | H72: tCO2e | K72: =IF(AND(E72="",G72=""),"Pending",IF(OR(E72="",G72=""),"Partial",IF(OR(I72="",J72=""),"Entered - source needed","Ready"))) -> Pending
A73: =FACILITIES!A19 -> F018 | B73: =FACILITIES!B19 -> Nhà máy nhiệt điện Phú Mỹ 2,1 và Phú Mỹ 2,1 mở rộng - Công ty Nhiệt điện Phú Mỹ | C73: =FACILITIES!C19 | D73: 2025 | F73: =IF(C73="Thermal power","kWh",IF(C73="Iron & steel","t crude steel",IF(C73="Cement","t clinker",""))) | H73: tCO2e | K73: =IF(AND(E73="",G73=""),"Pending",IF(OR(E73="",G73=""),"Partial",IF(OR(I73="",J73=""),"Entered - source needed","Ready"))) -> Pending
A74: =FACILITIES!A20 -> F019 | B74: =FACILITIES!B20 -> Nhà máy nhiệt điện Phú Mỹ 4 - Công ty Nhiệt điện Phú Mỹ | C74: =FACILITIES!C20 | D74: 2022 | F74: =IF(C74="Thermal power","kWh",IF(C74="Iron & steel","t crude steel",IF(C74="Cement","t clinker",""))) | H74: tCO2e | K74: =IF(AND(E74="",G74=""),"Pending",IF(OR(E74="",G74=""),"Partial",IF(OR(I74="",J74=""),"Entered - source needed","Ready"))) -> Pending
A75: =FACILITIES!A20 -> F019 | B75: =FACILITIES!B20 -> Nhà máy nhiệt điện Phú Mỹ 4 - Công ty Nhiệt điện Phú Mỹ | C75: =FACILITIES!C20 | D75: 2023 | F75: =IF(C75="Thermal power","kWh",IF(C75="Iron & steel","t crude steel",IF(C75="Cement","t clinker",""))) | H75: tCO2e | K75: =IF(AND(E75="",G75=""),"Pending",IF(OR(E75="",G75=""),"Partial",IF(OR(I75="",J75=""),"Entered - source needed","Ready"))) -> Pending
A76: =FACILITIES!A20 -> F019 | B76: =FACILITIES!B20 -> Nhà máy nhiệt điện Phú Mỹ 4 - Công ty Nhiệt điện Phú Mỹ | C76: =FACILITIES!C20 | D76: 2024 | F76: =IF(C76="Thermal power","kWh",IF(C76="Iron & steel","t crude steel",IF(C76="Cement","t clinker",""))) | H76: tCO2e | K76: =IF(AND(E76="",G76=""),"Pending",IF(OR(E76="",G76=""),"Partial",IF(OR(I76="",J76=""),"Entered - source needed","Ready"))) -> Pending
A77: =FACILITIES!A20 -> F019 | B77: =FACILITIES!B20 -> Nhà máy nhiệt điện Phú Mỹ 4 - Công ty Nhiệt điện Phú Mỹ | C77: =FACILITIES!C20 | D77: 2025 | F77: =IF(C77="Thermal power","kWh",IF(C77="Iron & steel","t crude steel",IF(C77="Cement","t clinker",""))) | H77: tCO2e | K77: =IF(AND(E77="",G77=""),"Pending",IF(OR(E77="",G77=""),"Partial",IF(OR(I77="",J77=""),"Entered - source needed","Ready"))) -> Pending
A78: =FACILITIES!A21 -> F020 | B78: =FACILITIES!B21 -> Công ty Cổ phần Nhiệt điện Bà Rịa | C78: =FACILITIES!C21 | D78: 2022 | F78: =IF(C78="Thermal power","kWh",IF(C78="Iron & steel","t crude steel",IF(C78="Cement","t clinker",""))) | H78: tCO2e | K78: =IF(AND(E78="",G78=""),"Pending",IF(OR(E78="",G78=""),"Partial",IF(OR(I78="",J78=""),"Entered - source needed","Ready"))) -> Pending
A79: =FACILITIES!A21 -> F020 | B79: =FACILITIES!B21 -> Công ty Cổ phần Nhiệt điện Bà Rịa | C79: =FACILITIES!C21 | D79: 2023 | F79: =IF(C79="Thermal power","kWh",IF(C79="Iron & steel","t crude steel",IF(C79="Cement","t clinker",""))) | H79: tCO2e | K79: =IF(AND(E79="",G79=""),"Pending",IF(OR(E79="",G79=""),"Partial",IF(OR(I79="",J79=""),"Entered - source needed","Ready"))) -> Pending
A80: =FACILITIES!A21 -> F020 | B80: =FACILITIES!B21 -> Công ty Cổ phần Nhiệt điện Bà Rịa | C80: =FACILITIES!C21 | D80: 2024 | F80: =IF(C80="Thermal power","kWh",IF(C80="Iron & steel","t crude steel",IF(C80="Cement","t clinker",""))) | H80: tCO2e | K80: =IF(AND(E80="",G80=""),"Pending",IF(OR(E80="",G80=""),"Partial",IF(OR(I80="",J80=""),"Entered - source needed","Ready"))) -> Pending
A81: =FACILITIES!A21 -> F020 | B81: =FACILITIES!B21 -> Công ty Cổ phần Nhiệt điện Bà Rịa | C81: =FACILITIES!C21 | D81: 2025 | F81: =IF(C81="Thermal power","kWh",IF(C81="Iron & steel","t crude steel",IF(C81="Cement","t clinker",""))) | H81: tCO2e | K81: =IF(AND(E81="",G81=""),"Pending",IF(OR(E81="",G81=""),"Partial",IF(OR(I81="",J81=""),"Entered - source needed","Ready"))) -> Pending
A82: =FACILITIES!A22 -> F021 | B82: =FACILITIES!B22 -> Nhà máy Điện An Hội | C82: =FACILITIES!C22 | D82: 2022 | F82: =IF(C82="Thermal power","kWh",IF(C82="Iron & steel","t crude steel",IF(C82="Cement","t clinker",""))) | H82: tCO2e | K82: =IF(AND(E82="",G82=""),"Pending",IF(OR(E82="",G82=""),"Partial",IF(OR(I82="",J82=""),"Entered - source needed","Ready"))) -> Pending
A83: =FACILITIES!A22 -> F021 | B83: =FACILITIES!B22 -> Nhà máy Điện An Hội | C83: =FACILITIES!C22 | D83: 2023 | F83: =IF(C83="Thermal power","kWh",IF(C83="Iron & steel","t crude steel",IF(C83="Cement","t clinker",""))) | H83: tCO2e | K83: =IF(AND(E83="",G83=""),"Pending",IF(OR(E83="",G83=""),"Partial",IF(OR(I83="",J83=""),"Entered - source needed","Ready"))) -> Pending
A84: =FACILITIES!A22 -> F021 | B84: =FACILITIES!B22 -> Nhà máy Điện An Hội | C84: =FACILITIES!C22 | D84: 2024 | F84: =IF(C84="Thermal power","kWh",IF(C84="Iron & steel","t crude steel",IF(C84="Cement","t clinker",""))) | H84: tCO2e | K84: =IF(AND(E84="",G84=""),"Pending",IF(OR(E84="",G84=""),"Partial",IF(OR(I84="",J84=""),"Entered - source needed","Ready"))) -> Pending
A85: =FACILITIES!A22 -> F021 | B85: =FACILITIES!B22 -> Nhà máy Điện An Hội | C85: =FACILITIES!C22 | D85: 2025 | F85: =IF(C85="Thermal power","kWh",IF(C85="Iron & steel","t crude steel",IF(C85="Cement","t clinker",""))) | H85: tCO2e | K85: =IF(AND(E85="",G85=""),"Pending",IF(OR(E85="",G85=""),"Partial",IF(OR(I85="",J85=""),"Entered - source needed","Ready"))) -> Pending
A86: =FACILITIES!A23 -> F022 | B86: =FACILITIES!B23 -> Chi nhánh Tổng Công ty Điện lực Dầu khí Việt Nam - Công ty Cổ phần - Công ty Điện lục Dầu khí Nhơn Trạch | C86: =FACILITIES!C23 | D86: 2022 | F86: =IF(C86="Thermal power","kWh",IF(C86="Iron & steel","t crude steel",IF(C86="Cement","t clinker",""))) | H86: tCO2e | K86: =IF(AND(E86="",G86=""),"Pending",IF(OR(E86="",G86=""),"Partial",IF(OR(I86="",J86=""),"Entered - source needed","Ready"))) -> Pending
A87: =FACILITIES!A23 -> F022 | B87: =FACILITIES!B23 -> Chi nhánh Tổng Công ty Điện lực Dầu khí Việt Nam - Công ty Cổ phần - Công ty Điện lục Dầu khí Nhơn Trạch | C87: =FACILITIES!C23 | D87: 2023 | F87: =IF(C87="Thermal power","kWh",IF(C87="Iron & steel","t crude steel",IF(C87="Cement","t clinker",""))) | H87: tCO2e | K87: =IF(AND(E87="",G87=""),"Pending",IF(OR(E87="",G87=""),"Partial",IF(OR(I87="",J87=""),"Entered - source needed","Ready"))) -> Pending
A88: =FACILITIES!A23 -> F022 | B88: =FACILITIES!B23 -> Chi nhánh Tổng Công ty Điện lực Dầu khí Việt Nam - Công ty Cổ phần - Công ty Điện lục Dầu khí Nhơn Trạch | C88: =FACILITIES!C23 | D88: 2024 | F88: =IF(C88="Thermal power","kWh",IF(C88="Iron & steel","t crude steel",IF(C88="Cement","t clinker",""))) | H88: tCO2e | K88: =IF(AND(E88="",G88=""),"Pending",IF(OR(E88="",G88=""),"Partial",IF(OR(I88="",J88=""),"Entered - source needed","Ready"))) -> Pending
A89: =FACILITIES!A23 -> F022 | B89: =FACILITIES!B23 -> Chi nhánh Tổng Công ty Điện lực Dầu khí Việt Nam - Công ty Cổ phần - Công ty Điện lục Dầu khí Nhơn Trạch | C89: =FACILITIES!C23 | D89: 2025 | F89: =IF(C89="Thermal power","kWh",IF(C89="Iron & steel","t crude steel",IF(C89="Cement","t clinker",""))) | H89: tCO2e | K89: =IF(AND(E89="",G89=""),"Pending",IF(OR(E89="",G89=""),"Partial",IF(OR(I89="",J89=""),"Entered - source needed","Ready"))) -> Pending
A90: =FACILITIES!A24 -> F023 | B90: =FACILITIES!B24 -> Nhà máy nhiệt điện VEDAN | C90: =FACILITIES!C24 | D90: 2022 | F90: =IF(C90="Thermal power","kWh",IF(C90="Iron & steel","t crude steel",IF(C90="Cement","t clinker",""))) | H90: tCO2e | K90: =IF(AND(E90="",G90=""),"Pending",IF(OR(E90="",G90=""),"Partial",IF(OR(I90="",J90=""),"Entered - source needed","Ready"))) -> Pending
A91: =FACILITIES!A24 -> F023 | B91: =FACILITIES!B24 -> Nhà máy nhiệt điện VEDAN | C91: =FACILITIES!C24 | D91: 2023 | F91: =IF(C91="Thermal power","kWh",IF(C91="Iron & steel","t crude steel",IF(C91="Cement","t clinker",""))) | H91: tCO2e | K91: =IF(AND(E91="",G91=""),"Pending",IF(OR(E91="",G91=""),"Partial",IF(OR(I91="",J91=""),"Entered - source needed","Ready"))) -> Pending
A92: =FACILITIES!A24 -> F023 | B92: =FACILITIES!B24 -> Nhà máy nhiệt điện VEDAN | C92: =FACILITIES!C24 | D92: 2024 | F92: =IF(C92="Thermal power","kWh",IF(C92="Iron & steel","t crude steel",IF(C92="Cement","t clinker",""))) | H92: tCO2e | K92: =IF(AND(E92="",G92=""),"Pending",IF(OR(E92="",G92=""),"Partial",IF(OR(I92="",J92=""),"Entered - source needed","Ready"))) -> Pending
A93: =FACILITIES!A24 -> F023 | B93: =FACILITIES!B24 -> Nhà máy nhiệt điện VEDAN | C93: =FACILITIES!C24 | D93: 2025 | F93: =IF(C93="Thermal power","kWh",IF(C93="Iron & steel","t crude steel",IF(C93="Cement","t clinker",""))) | H93: tCO2e | K93: =IF(AND(E93="",G93=""),"Pending",IF(OR(E93="",G93=""),"Partial",IF(OR(I93="",J93=""),"Entered - source needed","Ready"))) -> Pending
A94: =FACILITIES!A25 -> F024 | B94: =FACILITIES!B25 -> Nhà máy nhiệt điện Amata | C94: =FACILITIES!C25 | D94: 2022 | F94: =IF(C94="Thermal power","kWh",IF(C94="Iron & steel","t crude steel",IF(C94="Cement","t clinker",""))) | H94: tCO2e | K94: =IF(AND(E94="",G94=""),"Pending",IF(OR(E94="",G94=""),"Partial",IF(OR(I94="",J94=""),"Entered - source needed","Ready"))) -> Pending
A95: =FACILITIES!A25 -> F024 | B95: =FACILITIES!B25 -> Nhà máy nhiệt điện Amata | C95: =FACILITIES!C25 | D95: 2023 | F95: =IF(C95="Thermal power","kWh",IF(C95="Iron & steel","t crude steel",IF(C95="Cement","t clinker",""))) | H95: tCO2e | K95: =IF(AND(E95="",G95=""),"Pending",IF(OR(E95="",G95=""),"Partial",IF(OR(I95="",J95=""),"Entered - source needed","Ready"))) -> Pending
A96: =FACILITIES!A25 -> F024 | B96: =FACILITIES!B25 -> Nhà máy nhiệt điện Amata | C96: =FACILITIES!C25 | D96: 2024 | F96: =IF(C96="Thermal power","kWh",IF(C96="Iron & steel","t crude steel",IF(C96="Cement","t clinker",""))) | H96: tCO2e | K96: =IF(AND(E96="",G96=""),"Pending",IF(OR(E96="",G96=""),"Partial",IF(OR(I96="",J96=""),"Entered - source needed","Ready"))) -> Pending
A97: =FACILITIES!A25 -> F024 | B97: =FACILITIES!B25 -> Nhà máy nhiệt điện Amata | C97: =FACILITIES!C25 | D97: 2025 | F97: =IF(C97="Thermal power","kWh",IF(C97="Iron & steel","t crude steel",IF(C97="Cement","t clinker",""))) | H97: tCO2e | K97: =IF(AND(E97="",G97=""),"Pending",IF(OR(E97="",G97=""),"Partial",IF(OR(I97="",J97=""),"Entered - source needed","Ready"))) -> Pending
A98: =FACILITIES!A26 -> F025 | B98: =FACILITIES!B26 -> Nhà máy nhiệt điện Nhơn Trạch 2 | C98: =FACILITIES!C26 | D98: 2022 | F98: =IF(C98="Thermal power","kWh",IF(C98="Iron & steel","t crude steel",IF(C98="Cement","t clinker",""))) | H98: tCO2e | K98: =IF(AND(E98="",G98=""),"Pending",IF(OR(E98="",G98=""),"Partial",IF(OR(I98="",J98=""),"Entered - source needed","Ready"))) -> Pending
A99: =FACILITIES!A26 -> F025 | B99: =FACILITIES!B26 -> Nhà máy nhiệt điện Nhơn Trạch 2 | C99: =FACILITIES!C26 | D99: 2023 | F99: =IF(C99="Thermal power","kWh",IF(C99="Iron & steel","t crude steel",IF(C99="Cement","t clinker",""))) | H99: tCO2e | K99: =IF(AND(E99="",G99=""),"Pending",IF(OR(E99="",G99=""),"Partial",IF(OR(I99="",J99=""),"Entered - source needed","Ready"))) -> Pending
A100: =FACILITIES!A26 -> F025 | B100: =FACILITIES!B26 -> Nhà máy nhiệt điện Nhơn Trạch 2 | C100: =FACILITIES!C26 | D100: 2024 | F100: =IF(C100="Thermal power","kWh",IF(C100="Iron & steel","t crude steel",IF(C100="Cement","t clinker",""))) | H100: tCO2e | K100: =IF(AND(E100="",G100=""),"Pending",IF(OR(E100="",G100=""),"Partial",IF(OR(I100="",J100=""),"Entered - source needed","Ready"))) -> Pending
...

Sheet LEGAL_RULES
A1: Legal ID | B1: Topic | C1: Rule / Conclusion | D1: Legal Basis | E1: Article / Provision | F1: Issue Date | G1: Effective Status as of 13/09/2026 | H1: Source URL | I1: Simulator Use | J1: Caution
A2: L001 | B2: Current consolidated regulation | C2: Nghị định 06/2022 as amended by Nghị định 119/2025 and Nghị định 83/2026 is the core regulatory framework. | D2: 48/VBHN-BNNMT | E2: Consolidated text | G2: Effective | H2: https://datafiles.chinhphu.vn/cpp/files/vbpq/2026/4/48-vbhn-bnnmt.pdf | I2: Primary legal source for thresholds, quota scope and compliance. | J2: Use the consolidated text for current rules; older standalone texts remain useful for amendment history.
A3: L002 | B3: Inventory threshold | C3: Annual GHG emissions ≥ 3,000 tCO2e is an inventory criterion. | D3: 48/VBHN-BNNMT | E3: Article 6(1) | G3: Effective | H3: https://datafiles.chinhphu.vn/cpp/files/vbpq/2026/4/48-vbhn-bnnmt.pdf | I3: Threshold test. | J3: Criteria and official list membership are displayed separately.
A4: L003 | B4: Inventory threshold | C4: Thermal power / industrial production with annual energy consumption ≥ 1,000 TOE is an inventory criterion. | D4: 48/VBHN-BNNMT | E4: Article 6(1)(a) | G4: Effective | H4: https://datafiles.chinhphu.vn/cpp/files/vbpq/2026/4/48-vbhn-bnnmt.pdf | I4: Threshold test. | J4: Category-specific threshold.
A5: L004 | B5: Inventory threshold | C5: Freight transport company with annual fuel use ≥ 1,000 TOE is an inventory criterion. | D5: 48/VBHN-BNNMT | E5: Article 6(1)(b) | G5: Effective | H5: https://datafiles.chinhphu.vn/cpp/files/vbpq/2026/4/48-vbhn-bnnmt.pdf | I5: Threshold test. | J5: Category-specific threshold.
A6: L005 | B6: Inventory threshold | C6: Commercial building with annual energy use ≥ 1,000 TOE is an inventory criterion. | D6: 48/VBHN-BNNMT | E6: Article 6(1)(c) | G6: Effective | H6: https://datafiles.chinhphu.vn/cpp/files/vbpq/2026/4/48-vbhn-bnnmt.pdf | I6: Threshold test. | J6: Category-specific threshold.
A7: L006 | B7: Inventory threshold | C7: Solid waste facility with annual operating capacity ≥ 65,000 tonnes is an inventory criterion. | D7: 48/VBHN-BNNMT | E7: Article 6(1)(d) | G7: Effective | H7: https://datafiles.chinhphu.vn/cpp/files/vbpq/2026/4/48-vbhn-bnnmt.pdf | I7: Threshold test. | J7: Category-specific threshold.
A8: L007 | B8: Inventory list | C8: Decision 13/2024/QĐ-TTg remains the effective inventory list until 24/09/2026. | D8: Decision 13/2024/QĐ-TTg | E8: Effective-date rule | F8: 13/08/2024 | G8: Effective through 24/09/2026 | H8: https://vanban.chinhphu.vn/?classid=1&docid=210939&pageid=27160&typegroupid=5 | I8: Assessment-date logic. | J8: Do not continue using it after Decision 42 becomes effective.
A9: L008 | B9: Inventory list | C9: Decision 42/2026/QĐ-TTg replaces Decision 13/2024/QĐ-TTg from 25/09/2026. | D9: Decision 42/2026/QĐ-TTg | E9: Article 3 | F9: 10/08/2026 | G9: Issued; effective 25/09/2026 | H9: https://vanban.chinhphu.vn/?classid=1&docid=219154&pageid=27160&typegroupid=5 | I9: Assessment-date logic. | J9: Facilities removed from the new list receive the transition treatment stated in Article 3.
A10: L009 | B10: Pilot quota scope | C10: 2025-2026 allocation covers thermal power, iron & steel and cement facilities within the inventory-list scope. | D10: 48/VBHN-BNNMT | E10: Article 12(1) | G10: Effective | H10: https://datafiles.chinhphu.vn/cpp/files/vbpq/2026/4/48-vbhn-bnnmt.pdf | I10: Quota eligibility logic. | J10: Being subject to inventory is not the same as having an allocated quota.
A11: L010 | B11: Pilot total cap | C11: 2025 total = 243,082,392 tCO2e; 2026 total = 268,391,454 tCO2e for 34 thermal, 25 steel and 51 cement facilities. | D11: Decision 263/QĐ-TTg | E11: Decision content | F11: 09/02/2026 | G11: Effective | H11: https://datafiles.chinhphu.vn/cpp/files/vbpq/2026/02/263-ttg.signed.pdf | I11: Validation totals. | J11: Totals are validation targets, not inputs to force facility calculations.
A12: L011 | B12: Facility allocations | C12: Decision 699/QĐ-BNNMT allocates 2025 and 2026 allowances to 110 facilities and requires surrender under Article 19. | D12: Decision 699/QĐ-BNNMT | E12: Articles 1-2 + Annex | F12: 27/02/2026 | G12: Effective | H12: https://dcc.mae.gov.vn/Pages/chi-tiet-tin-DCC.aspx?ItemID=3881&cm=0&mn=0 | I12: Official quota lookup and validation. | J12: Use official allocation for compliance; calculated A is a model reproduction / validation output.
A13: L012 | B13: Allocation formula | C13: A = P_avg × B × T; historical window is y-1, y-2, y-3; B = ΣE_avg / ΣP_avg; T = (1+g)(1-r). | D13: Appendix I to amended Nghị định 06 | E13: Method No. 01 | G13: Effective method | H13: https://datafiles.chinhphu.vn/cpp/files/vbpq/2025/6/10-vbhn-bnnmt-kem.pdf | I13: Allocation engine. | J13: g and r values must not be guessed; leave unverified values blank.
A14: L013 | B14: Surrender | C14: Surrender must be at least direct-source inventory emissions for the allocation phase minus carbon credits used for offset. | D14: 48/VBHN-BNNMT | E14: Article 19(5)(a) | G14: Effective | H14: https://datafiles.chinhphu.vn/cpp/files/vbpq/2026/4/48-vbhn-bnnmt.pdf | I14: Compliance engine. | J14: Historical E_avg for allocation and direct emissions for compliance are different concepts.
A15: L014 | B15: Surrender deadline | C15: Surrender is due before 31 December of the year following the allocation phase. | D15: 48/VBHN-BNNMT | E15: Article 19(5)(b) | G15: Effective | H15: https://datafiles.chinhphu.vn/cpp/files/vbpq/2026/4/48-vbhn-bnnmt.pdf | I15: For 2025-2026 phase -> 31/12/2027. | J15: Deadline shown in workbook is derived from the phase end year.
A16: L015 | B16: Carbon credits | C16: Credits may offset no more than 30% of allocated allowances. | D16: 48/VBHN-BNNMT | E16: Article 19(8) | G16: Effective | H16: https://datafiles.chinhphu.vn/cpp/files/vbpq/2026/4/48-vbhn-bnnmt.pdf | I16: Compliance cap. | J16: Input above the cap is flagged.
A17: L016 | B17: Borrowing | C17: Through end-2030, borrowing from the next phase may not exceed 15% of allowances allocated for the current phase. | D17: 48/VBHN-BNNMT | E17: Article 19(6) | G17: Effective | H17: https://datafiles.chinhphu.vn/cpp/files/vbpq/2026/4/48-vbhn-bnnmt.pdf | I17: Compliance cap. | J17: Borrowed allowances are not available for exchange.
A18: L017 | B18: Industry MRV | C18: Industry and Trade inventory/MRV technical rules are set by Circular 38/2023/TT-BCT. | D18: 38/2023/TT-BCT | E18: Technical guidance | F18: 27/12/2023 | G18: Effective | H18: https://vanban.chinhphu.vn/?classid=1&docid=209514&pageid=27160&typegroupid=6 | I18: Data-source guidance for thermal power and steel. | J18: Technical scope should be followed when sourcing emissions data.
A19: L018 | B19: Construction MRV | C19: Construction-sector inventory/MRV technical rules are set by Circular 13/2024/TT-BXD. | D19: 13/2024/TT-BXD | E19: Technical guidance | F19: 20/12/2024 | G19: Effective | H19: https://vanban.chinhphu.vn/?classid=1&docid=212222&orggroupid=4&pageid=27160 | I19: Data-source guidance for cement. | J19: Technical scope should be followed when sourcing emissions data.

Sheet COMPLIANCE
A1: Facility ID | B1: Facility Name | C1: Sector | D1: Allocation 2025 | E1: Allocation 2026 | F1: Phase Allocation Total | G1: Direct Emissions 2025 | H1: Direct Emissions 2026 | I1: Carbon Credits Used | J1: 30% Credit Cap | K1: Eligible Credits | L1: Net Allowance Trades (+buy / -sell) | M1: Borrowed Allowances | N1: 15% Borrowing Cap | O1: Eligible Borrowed | P1: Required Surrender | Q1: Allowances Available | R1: Compliance Gap | S1: Compliance Status | T1: Surrender Deadline | U1: Legal Source
A2: F001 | B2: Công ty nhiệt điện Na Dương | C2: Thermal power | D2: 1035566 | E2: 1134493 | F2: =D2+E2 -> 2170059 | J2: =F2*30% -> 651017.7 | K2: =IF(I2="","",MIN(I2,J2)) | N2: =F2*15% -> 325508.85 | O2: =IF(M2="","",MIN(M2,N2)) | P2: =IF(COUNT(G2:H2)<2,"",MAX(0,SUM(G2:H2)-IF(K2="",0,K2))) | Q2: =IF(F2="","",F2+IF(L2="",0,L2)+IF(O2="",0,O2)) -> 2170059 | R2: =IF(OR(P2="",Q2=""),"",P2-Q2) | S2: =IF(COUNT(G2:H2)<2,"MISSING DIRECT EMISSIONS",IF(AND(I2<>"",I2>J2),"INVALID — CREDIT INPUT > 30% CAP",IF(AND(M2<>"",M2>N2),"INVALID — BORROWING > 15% CAP",IF(R2>0,"DEFICIT",IF(R2<0,"SURPLUS","BALANCED"))))) -> MISSING DIRECT EMISSIONS | T2: 46752 | U2: https://datafiles.chinhphu.vn/cpp/files/vbpq/2026/4/48-vbhn-bnnmt.pdf
A3: F002 | B3: Công ty nhiệt điện Sơn động Việt Nam | C3: Thermal power | D3: 2032458 | E3: 2226618 | F3: =D3+E3 -> 4259076 | J3: =F3*30% -> 1277722.8 | K3: =IF(I3="","",MIN(I3,J3)) | N3: =F3*15% -> 638861.4 | O3: =IF(M3="","",MIN(M3,N3)) | P3: =IF(COUNT(G3:H3)<2,"",MAX(0,SUM(G3:H3)-IF(K3="",0,K3))) | Q3: =IF(F3="","",F3+IF(L3="",0,L3)+IF(O3="",0,O3)) -> 4259076 | R3: =IF(OR(P3="",Q3=""),"",P3-Q3) | S3: =IF(COUNT(G3:H3)<2,"MISSING DIRECT EMISSIONS",IF(AND(I3<>"",I3>J3),"INVALID — CREDIT INPUT > 30% CAP",IF(AND(M3<>"",M3>N3),"INVALID — BORROWING > 15% CAP",IF(R3>0,"DEFICIT",IF(R3<0,"SURPLUS","BALANCED"))))) -> MISSING DIRECT EMISSIONS | T3: 46752 | U3: https://datafiles.chinhphu.vn/cpp/files/vbpq/2026/4/48-vbhn-bnnmt.pdf
A4: F003 | B4: Công ty Nhiệt điện Uông Bí | C4: Thermal power | D4: 5691098 | E4: 6234766 | F4: =D4+E4 -> 11925864 | J4: =F4*30% -> 3577759.2 | K4: =IF(I4="","",MIN(I4,J4)) | N4: =F4*15% -> 1788879.6 | O4: =IF(M4="","",MIN(M4,N4)) | P4: =IF(COUNT(G4:H4)<2,"",MAX(0,SUM(G4:H4)-IF(K4="",0,K4))) | Q4: =IF(F4="","",F4+IF(L4="",0,L4)+IF(O4="",0,O4)) -> 11925864 | R4: =IF(OR(P4="",Q4=""),"",P4-Q4) | S4: =IF(COUNT(G4:H4)<2,"MISSING DIRECT EMISSIONS",IF(AND(I4<>"",I4>J4),"INVALID — CREDIT INPUT > 30% CAP",IF(AND(M4<>"",M4>N4),"INVALID — BORROWING > 15% CAP",IF(R4>0,"DEFICIT",IF(R4<0,"SURPLUS","BALANCED"))))) -> MISSING DIRECT EMISSIONS | T4: 46752 | U4: https://datafiles.chinhphu.vn/cpp/files/vbpq/2026/4/48-vbhn-bnnmt.pdf
A5: F004 | B5: Công ty Cổ phần Nhiệt điện Quảng Ninh | C5: Thermal power | D5: 11097421 | E5: 12157553 | F5: =D5+E5 -> 23254974 | J5: =F5*30% -> 6976492.2 | K5: =IF(I5="","",MIN(I5,J5)) | N5: =F5*15% -> 3488246.1 | O5: =IF(M5="","",MIN(M5,N5)) | P5: =IF(COUNT(G5:H5)<2,"",MAX(0,SUM(G5:H5)-IF(K5="",0,K5))) | Q5: =IF(F5="","",F5+IF(L5="",0,L5)+IF(O5="",0,O5)) -> 23254974 | R5: =IF(OR(P5="",Q5=""),"",P5-Q5) | S5: =IF(COUNT(G5:H5)<2,"MISSING DIRECT EMISSIONS",IF(AND(I5<>"",I5>J5),"INVALID — CREDIT INPUT > 30% CAP",IF(AND(M5<>"",M5>N5),"INVALID — BORROWING > 15% CAP",IF(R5>0,"DEFICIT",IF(R5<0,"SURPLUS","BALANCED"))))) -> MISSING DIRECT EMISSIONS | T5: 46752 | U5: https://datafiles.chinhphu.vn/cpp/files/vbpq/2026/4/48-vbhn-bnnmt.pdf
A6: F005 | B6: Công ty Nhiệt điện Cẩm Phả - TKV | C6: Thermal power | D6: 3585092 | E6: 3927575 | F6: =D6+E6 -> 7512667 | J6: =F6*30% -> 2253800.1 | K6: =IF(I6="","",MIN(I6,J6)) | N6: =F6*15% -> 1126900.1 | O6: =IF(M6="","",MIN(M6,N6)) | P6: =IF(COUNT(G6:H6)<2,"",MAX(0,SUM(G6:H6)-IF(K6="",0,K6))) | Q6: =IF(F6="","",F6+IF(L6="",0,L6)+IF(O6="",0,O6)) -> 7512667 | R6: =IF(OR(P6="",Q6=""),"",P6-Q6) | S6: =IF(COUNT(G6:H6)<2,"MISSING DIRECT EMISSIONS",IF(AND(I6<>"",I6>J6),"INVALID — CREDIT INPUT > 30% CAP",IF(AND(M6<>"",M6>N6),"INVALID — BORROWING > 15% CAP",IF(R6>0,"DEFICIT",IF(R6<0,"SURPLUS","BALANCED"))))) -> MISSING DIRECT EMISSIONS | T6: 46752 | U6: https://datafiles.chinhphu.vn/cpp/files/vbpq/2026/4/48-vbhn-bnnmt.pdf
A7: F006 | B7: Công ty TNHH Điện Lực AES Mông Dương - Nhà máy nhiệt điện Mông Dương II | C7: Thermal power | D7: 12190431 | E7: 13354978 | F7: =D7+E7 -> 25545409 | J7: =F7*30% -> 7663622.7 | K7: =IF(I7="","",MIN(I7,J7)) | N7: =F7*15% -> 3831811.4 | O7: =IF(M7="","",MIN(M7,N7)) | P7: =IF(COUNT(G7:H7)<2,"",MAX(0,SUM(G7:H7)-IF(K7="",0,K7))) | Q7: =IF(F7="","",F7+IF(L7="",0,L7)+IF(O7="",0,O7)) -> 25545409 | R7: =IF(OR(P7="",Q7=""),"",P7-Q7) | S7: =IF(COUNT(G7:H7)<2,"MISSING DIRECT EMISSIONS",IF(AND(I7<>"",I7>J7),"INVALID — CREDIT INPUT > 30% CAP",IF(AND(M7<>"",M7>N7),"INVALID — BORROWING > 15% CAP",IF(R7>0,"DEFICIT",IF(R7<0,"SURPLUS","BALANCED"))))) -> MISSING DIRECT EMISSIONS | T7: 46752 | U7: https://datafiles.chinhphu.vn/cpp/files/vbpq/2026/4/48-vbhn-bnnmt.pdf
A8: F007 | B8: Công ty Nhiệt điện Đông Triều - TKV - Nhà máy nhiệt điện Mạo Khê | C8: Thermal power | D8: 4436759 | E8: 4860601 | F8: =D8+E8 -> 9297360 | J8: =F8*30% -> 2789208 | K8: =IF(I8="","",MIN(I8,J8)) | N8: =F8*15% -> 1394604 | O8: =IF(M8="","",MIN(M8,N8)) | P8: =IF(COUNT(G8:H8)<2,"",MAX(0,SUM(G8:H8)-IF(K8="",0,K8))) | Q8: =IF(F8="","",F8+IF(L8="",0,L8)+IF(O8="",0,O8)) -> 9297360 | R8: =IF(OR(P8="",Q8=""),"",P8-Q8) | S8: =IF(COUNT(G8:H8)<2,"MISSING DIRECT EMISSIONS",IF(AND(I8<>"",I8>J8),"INVALID — CREDIT INPUT > 30% CAP",IF(AND(M8<>"",M8>N8),"INVALID — BORROWING > 15% CAP",IF(R8>0,"DEFICIT",IF(R8<0,"SURPLUS","BALANCED"))))) -> MISSING DIRECT EMISSIONS | T8: 46752 | U8: https://datafiles.chinhphu.vn/cpp/files/vbpq/2026/4/48-vbhn-bnnmt.pdf
A9: F008 | B9: Nhà máy nhiệt điện Mông Dương I - Công ty Nhiệt điện Mông Dương | C9: Thermal power | D9: 9556403 | E9: 10469322 | F9: =D9+E9 -> 20025725 | J9: =F9*30% -> 6007717.5 | K9: =IF(I9="","",MIN(I9,J9)) | N9: =F9*15% -> 3003858.8 | O9: =IF(M9="","",MIN(M9,N9)) | P9: =IF(COUNT(G9:H9)<2,"",MAX(0,SUM(G9:H9)-IF(K9="",0,K9))) | Q9: =IF(F9="","",F9+IF(L9="",0,L9)+IF(O9="",0,O9)) -> 20025725 | R9: =IF(OR(P9="",Q9=""),"",P9-Q9) | S9: =IF(COUNT(G9:H9)<2,"MISSING DIRECT EMISSIONS",IF(AND(I9<>"",I9>J9),"INVALID — CREDIT INPUT > 30% CAP",IF(AND(M9<>"",M9>N9),"INVALID — BORROWING > 15% CAP",IF(R9>0,"DEFICIT",IF(R9<0,"SURPLUS","BALANCED"))))) -> MISSING DIRECT EMISSIONS | T9: 46752 | U9: https://datafiles.chinhphu.vn/cpp/files/vbpq/2026/4/48-vbhn-bnnmt.pdf
A10: F009 | B10: Công ty Cổ phần Nhiệt điện Hải Phòng | C10: Thermal power | D10: 10239469 | E10: 11217642 | F10: =D10+E10 -> 21457111 | J10: =F10*30% -> 6437133.3 | K10: =IF(I10="","",MIN(I10,J10)) | N10: =F10*15% -> 3218566.6 | O10: =IF(M10="","",MIN(M10,N10)) | P10: =IF(COUNT(G10:H10)<2,"",MAX(0,SUM(G10:H10)-IF(K10="",0,K10))) | Q10: =IF(F10="","",F10+IF(L10="",0,L10)+IF(O10="",0,O10)) -> 21457111 | R10: =IF(OR(P10="",Q10=""),"",P10-Q10) | S10: =IF(COUNT(G10:H10)<2,"MISSING DIRECT EMISSIONS",IF(AND(I10<>"",I10>J10),"INVALID — CREDIT INPUT > 30% CAP",IF(AND(M10<>"",M10>N10),"INVALID — BORROWING > 15% CAP",IF(R10>0,"DEFICIT",IF(R10<0,"SURPLUS","BALANCED"))))) -> MISSING DIRECT EMISSIONS | T10: 46752 | U10: https://datafiles.chinhphu.vn/cpp/files/vbpq/2026/4/48-vbhn-bnnmt.pdf
A11: F010 | B11: Nhà máy điện Nghi Sơn 1 | C11: Thermal power | D11: 5036163 | E11: 5517266 | F11: =D11+E11 -> 10553429 | J11: =F11*30% -> 3166028.7 | K11: =IF(I11="","",MIN(I11,J11)) | N11: =F11*15% -> 1583014.4 | O11: =IF(M11="","",MIN(M11,N11)) | P11: =IF(COUNT(G11:H11)<2,"",MAX(0,SUM(G11:H11)-IF(K11="",0,K11))) | Q11: =IF(F11="","",F11+IF(L11="",0,L11)+IF(O11="",0,O11)) -> 10553429 | R11: =IF(OR(P11="",Q11=""),"",P11-Q11) | S11: =IF(COUNT(G11:H11)<2,"MISSING DIRECT EMISSIONS",IF(AND(I11<>"",I11>J11),"INVALID — CREDIT INPUT > 30% CAP",IF(AND(M11<>"",M11>N11),"INVALID — BORROWING > 15% CAP",IF(R11>0,"DEFICIT",IF(R11<0,"SURPLUS","BALANCED"))))) -> MISSING DIRECT EMISSIONS | T11: 46752 | U11: https://datafiles.chinhphu.vn/cpp/files/vbpq/2026/4/48-vbhn-bnnmt.pdf
A12: F011 | B12: Công ty Điện lực Dầu khí Hà Tĩnh | C12: Thermal power | D12: 7214687 | E12: 7903903 | F12: =D12+E12 -> 15118590 | J12: =F12*30% -> 4535577 | K12: =IF(I12="","",MIN(I12,J12)) | N12: =F12*15% -> 2267788.5 | O12: =IF(M12="","",MIN(M12,N12)) | P12: =IF(COUNT(G12:H12)<2,"",MAX(0,SUM(G12:H12)-IF(K12="",0,K12))) | Q12: =IF(F12="","",F12+IF(L12="",0,L12)+IF(O12="",0,O12)) -> 15118590 | R12: =IF(OR(P12="",Q12=""),"",P12-Q12) | S12: =IF(COUNT(G12:H12)<2,"MISSING DIRECT EMISSIONS",IF(AND(I12<>"",I12>J12),"INVALID — CREDIT INPUT > 30% CAP",IF(AND(M12<>"",M12>N12),"INVALID — BORROWING > 15% CAP",IF(R12>0,"DEFICIT",IF(R12<0,"SURPLUS","BALANCED"))))) -> MISSING DIRECT EMISSIONS | T12: 46752 | U12: https://datafiles.chinhphu.vn/cpp/files/vbpq/2026/4/48-vbhn-bnnmt.pdf
A13: F012 | B13: Công ty TNHH Hưng Nghiệp Formosa | C13: Thermal power | D13: 2558365 | E13: 2802764 | F13: =D13+E13 -> 5361129 | J13: =F13*30% -> 1608338.7 | K13: =IF(I13="","",MIN(I13,J13)) | N13: =F13*15% -> 804169.35 | O13: =IF(M13="","",MIN(M13,N13)) | P13: =IF(COUNT(G13:H13)<2,"",MAX(0,SUM(G13:H13)-IF(K13="",0,K13))) | Q13: =IF(F13="","",F13+IF(L13="",0,L13)+IF(O13="",0,O13)) -> 5361129 | R13: =IF(OR(P13="",Q13=""),"",P13-Q13) | S13: =IF(COUNT(G13:H13)<2,"MISSING DIRECT EMISSIONS",IF(AND(I13<>"",I13>J13),"INVALID — CREDIT INPUT > 30% CAP",IF(AND(M13<>"",M13>N13),"INVALID — BORROWING > 15% CAP",IF(R13>0,"DEFICIT",IF(R13<0,"SURPLUS","BALANCED"))))) -> MISSING DIRECT EMISSIONS | T13: 46752 | U13: https://datafiles.chinhphu.vn/cpp/files/vbpq/2026/4/48-vbhn-bnnmt.pdf
... A111: F110 | B111: Công ty TNHH Duyên Hà, Nhà máy xi măng Duyên Hà | C111: Cement | D111: 1324157 | E111: 1448956 | F111: =D111+E111 -> 2773113 | J111: =F111*30% -> 831933.9 | K111: =IF(I111="","",MIN(I111,J111)) | N111: =F111*15% -> 415966.95 | O111: =IF(M111="","",MIN(M111,N111)) | P111: =IF(COUNT(G111:H111)<2,"",MAX(0,SUM(G111:H111)-IF(K111="",0,K111))) | Q111: =IF(F111="","",F111+IF(L111="",0,L111)+IF(O111="",0,O111)) -> 2773113 | R111: =IF(OR(P111="",Q111=""),"",P111-Q111) | S111: =IF(COUNT(G111:H111)<2,"MISSING DIRECT EMISSIONS",IF(AND(I111<>"",I111>J111),"INVALID — CREDIT INPUT > 30% CAP",IF(AND(M111<>"",M111>N111),"INVALID — BORROWING > 15% CAP",IF(R111>0,"DEFICIT",IF(R111<0,"SURPLUS","BALANCED"))))) -> MISSING DIRECT EMISSIONS | T111: 46752 | U111: https://datafiles.chinhphu.vn/cpp/files/vbpq/2026/4/48-vbhn-bnnmt.pdf

Sheet USER_SIMULATOR
A1: VIETNAM ETS SIMULATOR — CORE LOGIC PROTOTYPE
A3: A. FACILITY & LEGAL ASSESSMENT INPUTS
A4: Assessment date | B4: 46278 | C4: Change this date to test which inventory list is legally effective. | D4: Resolved Facility Name | E4: {=IFERROR(INDEX(OFFICIAL_ALLOCATIONS!$B$2:$B$111,MATCH(B5,OFFICIAL_ALLOCATIONS!$A$2:$A$111,0)),B6)}
A5: Facility ID (optional; quota-listed facility) | C5: Choose F001-F110 for an official 2025-2026 quota facility, or leave blank for a manual facility. | D5: Resolved Tax ID | E5: {=IFERROR(INDEX(OFFICIAL_ALLOCATIONS!$D$2:$D$111,MATCH(B5,OFFICIAL_ALLOCATIONS!$A$2:$A$111,0)),B7)}
A6: Manual / other facility name | C6: Used when Facility ID is blank. | D6: Resolved Sector | E6: {=IFERROR(INDEX(OFFICIAL_ALLOCATIONS!$C$2:$C$111,MATCH(B5,OFFICIAL_ALLOCATIONS!$A$2:$A$111,0)),B9)}
A7: Tax ID | C7: Optional for manual facility. | D7: Product | E7: =IF(E6="Thermal power","Electricity",IF(E6="Iron & steel","Crude steel",IF(E6="Cement","Clinker","")))
A8: Facility type | C8: Used for Article 6 category-specific inventory thresholds. | D8: Product Unit | E8: =IF(E6="Thermal power","kWh",IF(E6="Iron & steel","t crude steel",IF(E6="Cement","t clinker","")))
A9: Sector | C9: For manual facility; quota-listed facilities resolve sector automatically. | D9: Official allocation for selected year | E9: {=IF(B5="","",IF(B14=2025,INDEX(OFFICIAL_ALLOCATIONS!$E$2:$E$111,MATCH(B5,OFFICIAL_ALLOCATIONS!$A$2:$A$111,0)),INDEX(OFFICIAL_ALLOCATIONS!$F$2:$F$111,MATCH(B5,OFFICIAL_ALLOCATIONS!$A$2:$A$111,0))))}
A10: Official inventory-list match | B10: Unknown | C10: Use Yes/No only if you have checked the effective Prime Minister list; otherwise keep Unknown. | D10: Applicable inventory list | E10: =IF(B4<DATE(2026,9,25),"Decision 13/2024/QĐ-TTg","Decision 42/2026/QĐ-TTg") -> Decision 13/2024/QĐ-TTg
A11: Annual GHG emissions (tCO2e) | C11: For Article 6 threshold test. This is not the same as 2025-2026 compliance direct emissions below. | D11: QD699 quota-list match | E11: =IF(B5="","NO",IF(COUNTIF(OFFICIAL_ALLOCATIONS!$A$2:$A$111,B5)>0,"YES","NO")) -> NO
A12: Annual energy / fuel consumption (TOE) | C12: Category-specific Article 6 threshold input. | D12: Article 6 criteria test | E12: =IF(B11>=3000,"MEETS CRITERIA",IF(B8="","INSUFFICIENT DATA",IF(OR(AND(OR(B8="Thermal power",B8="Industrial production"),B12>=1000),AND(B8="Freight transport",B12>=1000),AND(B8="Commercial building",B12>=1000),AND(B8="Solid waste treatment",B13>=65000)),"MEETS CRITERIA",IF(OR(B11<>"",B12<>"",B13<>""),"DOES NOT MEET ENTERED CRITERIA","INSUFFICIENT DATA")))) -> INSUFFICIENT DATA
A13: Solid waste operating capacity (t/year) | C13: Only relevant to solid-waste treatment facilities. | D13: Current legal-data warning | E13: =IF(AND(B4<DATE(2026,9,25),TODAY()>=DATE(2026,9,25)),"Assessment date uses an expired inventory list.",IF(AND(B4>=DATE(2026,9,25),TODAY()<DATE(2026,9,25)),"Assessment date is future-dated; Decision 42 is issued but not yet effective today.","OK")) -> OK
A14: Allocation year | B14: 2025 | C14: 2025 uses 2022-2024; 2026 uses 2023-2025.
A16: B. OBLIGATION RESULTS
A17: Inventory obligation / status | B17: =IF(E11="YES","YES — quota-listed facility was within the inventory-list basis for the 2025-2026 allocation",IF(B10="Yes","YES — official inventory-list match supplied",IF(E12="MEETS CRITERIA","MEETS ARTICLE 6 CRITERIA — VERIFY THE EFFECTIVE OFFICIAL LIST",IF(OR(B10="Unknown",E12="INSUFFICIENT DATA"),"UNDETERMINED — MISSING / UNCONFIRMED LIST OR THRESHOLD DATA","NO CURRENT EVIDENCE FROM ENTERED DATA")))) -> UNDETERMINED — MISSING / UNCONFIRMED LIST OR THRESHOLD DATA | D17: Legal basis | E17: 48/VBHN-BNNMT Article 6 + effective Prime Minister inventory list
A18: Quota obligation 2025-2026 | D18: Legal basis | E18: 48/VBHN-BNNMT Article 12(1); Decision 699/QĐ-BNNMT
A19: Data sufficiency status | D19: Legal basis | E19: Workbook guardrail: no silent inference where an official list/value is not loaded
A21: C. ALLOCATION FORMULA — SINGLE-FACILITY SIMULATION
A22: Production y-3 | C22: Product unit shown at right | D22: Year y-3 | E22: =B14-3 -> 2022
A23: Production y-2 | D23: Year y-2 | E23: =B14-2 -> 2023
A24: Production y-1 | D24: Year y-1 | E24: =B14-1 -> 2024
A25: Historical emissions y-3 | C25: tCO2e; use sector-compliant inventory data | D25: P_avg | E25: =IF(COUNT(B22:B24)<3,"",AVERAGE(B22:B24))
A26: Historical emissions y-2 | D26: E_avg | E26: =IF(COUNT(B25:B27)<3,"",AVERAGE(B25:B27))
A27: Historical emissions y-1 | D27: Resolved Benchmark B | E27: =IF(B30<>"",B30,IF(B5="","",IF(COUNTIFS(CALCULATION!$A$2:$A$221,B5,CALCULATION!$D$2:$D$221,B14,CALCULATION!$J$2:$J$221,">0")=0,"",SUMIFS(CALCULATION!$J$2:$J$221,CALCULATION!$A$2:$A$221,B5,CALCULATION!$D$2:$D$221,B14))))
A28: g (sector growth target) | C28: Enter only a sourced / scenario value | D28: T | E28: =IF(OR(B28="",B29=""),"",(1+B28)*(1-B29))
A29: r (sector GHG reduction target) | C29: Enter only a sourced / scenario value | D29: Calculated Allocation A | E29: =IF(OR(E25="",E27="",E28=""),"",E25*E27*E28)
A30: Benchmark B override (optional) | C30: Scenario-only override; otherwise workbook tries the full-sector engine | D30: Official Allocation | E30: =E9
D31: Difference vs official | E31: =IF(OR(E29="",E30=""),"",E29-E30)
D32: Difference % | E32: =IF(OR(E31="",E30=0),"",E31/E30)
D33: Calculation Status | E33: =IF(COUNT(B22:B27)<6,"MISSING 3-YEAR PRODUCTION / EMISSIONS",IF(E27="","SECTOR BENCHMARK UNAVAILABLE — incomplete full-sector data or no override",IF(OR(B28="",B29=""),"MISSING g/r — do not assume 0%",IF(E29="","NOT READY","READY")))) -> MISSING 3-YEAR PRODUCTION / EMISSIONS
A35: D. COMPLIANCE POSITION — PILOT PHASE 2025-2026
A36: Verified direct emissions 2025 | C36: tCO2e from direct sources | D36: Official phase allocation total | E36: {=IF(B5="","",INDEX(OFFICIAL_ALLOCATIONS!$E$2:$E$111,MATCH(B5,OFFICIAL_ALLOCATIONS!$A$2:$A$111,0))+INDEX(OFFICIAL_ALLOCATIONS!$F$2:$F$111,MATCH(B5,OFFICIAL_ALLOCATIONS!$A$2:$A$111,0)))}
A37: Verified direct emissions 2026 | C37: tCO2e from direct sources | D37: 30% credit cap | E37: =IF(E36="","",E36*30%)
A38: Carbon credits used | C38: Input is capped at legal 30% maximum | D38: Eligible credits | E38: =IF(B38="","",MIN(B38,E37))
A39: Net allowance trades (+buy / -sell) | C39: Net additional allowances from exchange | D39: 15% borrowing cap | E39: =IF(E36="","",E36*15%)
A40: Borrowed allowances from next phase | C40: Input is capped at legal 15% maximum | D40: Eligible borrowed | E40: =IF(B40="","",MIN(B40,E39))
D41: Required surrender | E41: =IF(COUNT(B36:B37)<2,"",MAX(0,SUM(B36:B37)-IF(E38="",0,E38)))
D42: Allowances available | E42: =IF(E36="","",E36+IF(B39="",0,B39)+IF(E40="",0,E40))
D43: Compliance gap | E43: =IF(OR(E41="",E42=""),"",E41-E42)
D44: Compliance status | E44: =IF(E11<>"YES","NOT APPLICABLE — no QD699 quota allocation selected",IF(COUNT(B36:B37)<2,"MISSING DIRECT EMISSIONS",IF(B38>E37,"INVALID — credits exceed 30% cap",IF(B40>E39,"INVALID — borrowing exceeds 15% cap",IF(E43>0,"DEFICIT",IF(E43<0,"SURPLUS","BALANCED")))))) -> NOT APPLICABLE — no QD699 quota allocation selected
D45: Surrender deadline | E45: 46752
D46: Input validation | E46: =IF(E11<>"YES","Select an official quota facility for compliance simulation.",IF(B38>E37,"Reduce carbon credits used to the legal cap.",IF(B40>E39,"Reduce borrowed allowances to the legal cap.",IF(COUNT(B36:B37)<2,"Enter both 2025 and 2026 verified direct emissions.","Inputs pass core checks.")))) -> Select an official quota facility for compliance simulation.
A48: E. LEGAL EXPLANATION & UNCERTAINTY STATES
A49: Inventory list logic | B49: Assessment date selects Decision 13/2024/QĐ-TTg before 25/09/2026 and Decision 42/2026/QĐ-TTg from 25/09/2026. | C49: The workbook does not contain the complete national inventory-list database; non-QD699 facilities require an external list check.
A50: Inventory threshold logic | B50: Article 6 criteria are tested separately from official list membership. | C50: If threshold inputs or list status are missing, result is UNDETERMINED rather than guessed.
A51: Quota logic | B51: Quota obligation is confirmed only where an official 2025-2026 allocation exists in Decision 699/QĐ-BNNMT. | C51: Inventory obligation does not automatically create a quota obligation.
A52: Allocation logic | B52: P_avg, E_avg, B, T and A follow Method No. 01. | C52: B is withheld until the full sector dataset is complete; g/r are never defaulted to 0%.
A53: Compliance logic | B53: Surrender uses direct emissions for the allocation phase minus eligible credits; compliance compares this requirement with official allowances plus allowed transactions. | C53: Credits capped at 30%; borrowing capped at 15%.
A54: Prototype disclaimer | B54: This workbook is a legal-policy simulator and validation model, not an official government registry or legal opinion. | C54: Every uncertain or missing input is surfaced as a status rather than silently inferred.

Sheet INPUT_SCHEMA
A1: Field ID | B1: User-facing Label | C1: Module | D1: Data Type | E1: Unit / Options | F1: Required When | G1: Validation Rule | H1: Source / Evidence | I1: Missing-data State | J1: Figma Component | K1: Notes
A2: assessment_date | B2: Assessment date | C2: Legal assessment | D2: Date | E2: Date | F2: Always | G2: Valid calendar date | H2: User input | I2: Cannot select applicable inventory list | J2: Date picker | K2: Default in workbook = 13/09/2026.
A3: facility_id | B3: Facility ID | C3: Identity | D3: Text | E3: F001-F110 or blank | F3: Optional | G3: If selected, must exist in QD699 loaded list | H3: Decision 699/QĐ-BNNMT | I3: Manual facility mode | J3: Search / dropdown | K3: For prototype lookup of official quota facilities.
A4: facility_name | B4: Facility name | C4: Identity | D4: Text | E4: Free text | F4: If no facility_id | G4: Nonblank | H4: User / official document | I4: Missing identity | J4: Text input | K4: Auto-resolved for F001-F110.
A5: tax_id | B5: Tax ID | C5: Identity | D5: Text | E5: Vietnam tax ID | F5: Optional / recommended | G5: Text | H5: Official document | I5: Unconfirmed identity | J5: Text input | K5: Auto-resolved for F001-F110.
A6: facility_type | B6: Facility type | C6: Inventory | D6: Category | E6: Thermal power; Industrial production; Freight transport; Commercial building; Solid waste treatment; Other | F6: If testing category threshold | G6: Controlled list | H6: User + Article 6 | I6: Threshold assessment incomplete | J6: Dropdown | K6: Separate from ETS sector.
A7: sector | B7: ETS sector | C7: Quota / allocation | D7: Category | E7: Thermal power; Iron & steel; Cement; Other | F7: If manual facility | G7: Controlled list | H7: Official list / user | I7: Allocation method N/A or uncertain | J7: Dropdown | K7: Auto-resolved for quota facilities.
A8: inventory_list_match | B8: Official inventory-list match | C8: Inventory | D8: Category | E8: Yes; No; Unknown | F8: For definitive list answer | G8: Controlled list; do not guess | H8: Effective QD13/QD42 list | I8: UNDETERMINED | J8: 3-state selector | K8: For non-QD699 facilities external list lookup is required.
A9: annual_ghg | B9: Annual GHG emissions | C9: Inventory | D9: Number | E9: tCO2e/year | F9: If using general threshold | G9: ≥0 | H9: Verified inventory / source | I9: Threshold test incomplete | J9: Number input | K9: General threshold = 3,000 tCO2e.
A10: annual_toe | B10: Annual energy/fuel consumption | C10: Inventory | D10: Number | E10: TOE/year | F10: If using category TOE threshold | G10: ≥0 | H10: Energy/fuel records | I10: Threshold test incomplete | J10: Number input | K10: 1,000 TOE threshold applies only to specified categories.
A11: waste_capacity | B11: Solid waste operating capacity | C11: Inventory | D11: Number | E11: t/year | F11: Solid waste facilities | G11: ≥0 | H11: Facility operating data | I11: Threshold test incomplete | J11: Number input | K11: 65,000 t/year criterion.
A12: allocation_year | B12: Allocation year | C12: Allocation | D12: Integer | E12: 2025; 2026 | F12: Allocation simulation | G12: 2025 or 2026 | H12: User selection | I12: Allocation formula not selected | J12: Segmented control | K12: Drives 3-year rolling window.
A13: prod_y3 | B13: Production y-3 | C13: Allocation | D13: Number | E13: Sector product unit | F13: Allocation simulation | G13: ≥0; required with other 2 years | H13: Verified production data | I13: MISSING HISTORICAL DATA | J13: Number input | K13: 2025: 2022; 2026: 2023.
A14: prod_y2 | B14: Production y-2 | C14: Allocation | D14: Number | E14: Sector product unit | F14: Allocation simulation | G14: ≥0 | H14: Verified production data | I14: MISSING HISTORICAL DATA | J14: Number input
A15: prod_y1 | B15: Production y-1 | C15: Allocation | D15: Number | E15: Sector product unit | F15: Allocation simulation | G15: ≥0 | H15: Verified production data | I15: MISSING HISTORICAL DATA | J15: Number input
A16: emis_y3 | B16: Historical emissions y-3 | C16: Allocation | D16: Number | E16: tCO2e | F16: Allocation simulation | G16: ≥0; required with other 2 years | H16: Sector-compliant inventory data | I16: MISSING HISTORICAL DATA | J16: Number input | K16: Not the same field as compliance direct emissions.
A17: emis_y2 | B17: Historical emissions y-2 | C17: Allocation | D17: Number | E17: tCO2e | F17: Allocation simulation | G17: ≥0 | H17: Sector-compliant inventory data | I17: MISSING HISTORICAL DATA | J17: Number input
A18: emis_y1 | B18: Historical emissions y-1 | C18: Allocation | D18: Number | E18: tCO2e | F18: Allocation simulation | G18: ≥0 | H18: Sector-compliant inventory data | I18: MISSING HISTORICAL DATA | J18: Number input
A19: g | B19: Sector growth target | C19: Allocation | D19: Percentage | E19: % | F19: To calculate T and A | G19: Sourced value or explicit scenario | H19: Policy source | I19: MISSING VERIFIED g/r | J19: Percentage input | K19: Never default to 0%.
A20: r | B20: Sector GHG reduction target | C20: Allocation | D20: Percentage | E20: % | F20: To calculate T and A | G20: Sourced value or explicit scenario | H20: Policy source | I20: MISSING VERIFIED g/r | J20: Percentage input | K20: Never default to 0%.
A21: benchmark_override | B21: Benchmark B override | C21: Allocation | D21: Number | E21: tCO2e / product unit | F21: Optional scenario | G21: ≥0 | H21: Scenario / complete sector calculation | I21: Benchmark unavailable | J21: Advanced input | K21: Clearly label scenario-only when used.
A22: direct_emis_2025 | B22: Verified direct emissions 2025 | C22: Compliance | D22: Number | E22: tCO2e | F22: Quota compliance | G22: ≥0 | H22: Verified direct-source inventory | I22: MISSING DIRECT EMISSIONS | J22: Number input | K22: Article 19 compliance input.
A23: direct_emis_2026 | B23: Verified direct emissions 2026 | C23: Compliance | D23: Number | E23: tCO2e | F23: Quota compliance | G23: ≥0 | H23: Verified direct-source inventory | I23: MISSING DIRECT EMISSIONS | J23: Number input | K23: Article 19 compliance input.
A24: credits_used | B24: Carbon credits used | C24: Compliance | D24: Number | E24: tCO2e | F24: Optional | G24: 0 to 30% of allocated allowances | H24: Registry / user | I24: 0 if not used | J24: Number input + cap meter | K24: Excess input must be flagged.
A25: net_allowance_trades | B25: Net allowance trades | C25: Compliance | D25: Number | E25: tCO2e | F25: Optional | G25: Positive = net bought; negative = net sold | H25: Registry / user | I25: 0 if none | J25: Signed number input | K25: Affects available allowances, not required surrender.
A26: borrowed_allowances | B26: Borrowed allowances | C26: Compliance | D26: Number | E26: tCO2e | F26: Optional | G26: 0 to 15% of current-phase allocation | H26: Registry / user | I26: 0 if none | J26: Number input + cap meter | K26: Through end-2030.

Sheet FIGMA_MAP
A1: Screen | B1: Goal | C1: Primary Inputs | D1: Primary Outputs | E1: Excel Logic Source | F1: Legal Evidence | G1: Empty / Edge State | H1: Suggested UI | I1: Competition Story | J1: Must Not Do
A2: 01 — Start / Facility Search | B2: Identify facility and assessment date | C2: Assessment date; Facility ID / name / tax ID | D2: Resolved identity; applicable inventory list | E2: USER_SIMULATOR A | F2: LEGAL_RULES L007-L008 | G2: Facility not found -> manual mode | H2: Search bar + date + recent facilities | I2: Turns legal rules into an accessible facility checker | J2: Do not imply every facility is in the ETS.
A3: 02 — Inventory Obligation | B3: Separate inventory duty from quota duty | C3: Facility type; official-list match; GHG / TOE / waste capacity | D3: YES / MEETS CRITERIA / UNDETERMINED / NO EVIDENCE | E3: USER_SIMULATOR B17; REGULATORY_SCOPE INV-* | F3: 48/VBHN-BNNMT Article 6 + QD13/QD42 | G3: Missing threshold/list data -> UNDETERMINED | H3: Decision card + threshold chips + legal drawer | I3: Shows the key legal distinction users commonly confuse | J3: Do not convert a threshold match into an unqualified list-membership claim.
A4: 03 — Quota Obligation | B4: Check 2025-2026 ETS allocation obligation | C4: Facility ID; allocation year | D4: QD699 match; official allocation | E4: USER_SIMULATOR B18/E9 | F4: Article 12 + Decision 699 | G4: Not in QD699 -> no current pilot allocation found | H4: Green/gray obligation card | I4: Makes pilot scope concrete at facility level | J4: Do not say inventory obligation automatically means quota obligation.
A5: 04 — Allocation Simulator | B5: Explain how allowance A is derived | C5: 3 years production; 3 years emissions; g; r; optional B override | D5: P_avg; E_avg; B; T; A; difference vs official | E5: USER_SIMULATOR C; CALCULATION | F5: Appendix I Method 01 | G5: Missing sector data / g/r -> formula paused with reason | H5: Stepper / formula cards / tooltips | I5: Demonstrates transparent legal-tech calculation | J5: Do not default missing g/r to zero or compute B from a partial sector sample without warning.
A6: 05 — Compliance Position | B6: Show surplus / deficit for 2025-2026 phase | C6: Direct emissions 2025-2026; credits; trades; borrowing | D6: Required surrender; available allowances; gap; status; deadline | E6: USER_SIMULATOR D; COMPLIANCE | F6: Article 19 | G6: Missing direct emissions -> no gap result; excess credits/borrowing -> invalid | H6: Gauge + surplus/deficit card + cap meters | I6: Converts complex surrender rules into a usable compliance view | J6: Do not use historical E_avg as compliance emissions.
A7: 06 — Legal Explanation | B7: Explain every conclusion | C7: None / tap from result | D7: Article, decision, source URL, effective date | E7: LEGAL_RULES; METHODOLOGY_EVIDENCE | F7: All core rules cited | G7: If source not verified -> show Unverified / Needs source | H7: Legal drawer / accordion | I7: Auditability is a differentiator for the competition | J7: Do not hide uncertainty or upcoming effective-date changes.
A8: 07 — Data Quality | B8: Make missing inputs visible | C8: Source status from historical/policy data | D8: Ready / Partial / Missing / Unverified | E8: HISTORICAL_DATA; POLICY_PARAMETERS; CALCULATION R | F8: Sector MRV circulars + source register | G8: No data -> explain exactly what is missing | H8: Progress checklist / badges | I8: Shows the prototype can be used responsibly before all datasets are available | J8: Do not fabricate facility-level emissions.
A9: 08 — Result Summary | B9: Give exportable decision summary | C9: All preceding modules | D9: Inventory status; quota status; A; official allowance; compliance gap; sources | E9: USER_SIMULATOR | F9: All linked legal sources | G9: Partial results allowed with uncertainty badges | H9: One-page result + PDF/export CTA | I9: A polished end state for judging/demo | J9: Do not show a definitive legal conclusion when core evidence is missing.

Sheet README
A1: VIETNAM ETS SIMULATOR
A3: Workbook status | B3: FIGMA-READY CORE LOGIC — legal/data gaps are explicitly surfaced, not guessed.
A5: What this workbook now does | D5: Sheet | E5: Purpose
A6: 1. Facility identity | B6: Loads the 110 official 2025-2026 quota facilities from Decision 699/QĐ-BNNMT and supports manual facility mode. | D6: USER_SIMULATOR | E6: Single-facility interactive prototype logic; use this as the main Figma reference.
A7: 2. Inventory obligation | B7: Tests confirmed Article 6 criteria and separately records official-list status. | D7: INPUT_SCHEMA | E7: Exact user fields, types, units, validations and missing-data states.
A8: 3. Quota obligation | B8: Confirms quota duty only for the loaded official Decision 699 allocation list. | D8: FIGMA_MAP | E8: Recommended prototype screens and edge states.
A9: 4. Allocation formula | B9: Implements P_avg, E_avg, B, T and A with a rolling 3-year window and data-completeness guardrails. | D9: LEGAL_RULES | E9: Legal rule register with effective-date logic and source URLs.
A10: 5. Compliance | B10: Implements phase surrender logic, 30% credit cap, 15% borrowing cap, surplus/deficit and 31/12/2027 deadline for pilot phase. | D10: REGULATORY_SCOPE | E10: Machine-readable rule table for inventory / quota / compliance.
A11: 6. Legal basis | B11: Every core decision has a legal-source sheet and URL. | D11: CALCULATION | E11: 220-row allocation engine: 110 facilities × 2025/2026.
A12: 7. Uncertainty | B12: Missing list membership, historical data, benchmark completeness, or g/r never silently become a definitive answer. | D12: COMPLIANCE | E12: 110-row phase-level compliance engine.
A13: 8. Figma handoff | B13: INPUT_SCHEMA and FIGMA_MAP translate the Excel logic directly into screens/components/states. | D13: HISTORICAL_DATA | E13: 440-row historical input structure: 110 facilities × 2022-2025.
D14: POLICY_PARAMETERS | E14: g/r parameter register; numeric values intentionally blank until sourced.
D15: OFFICIAL_ALLOCATIONS | E15: Official Decision 699 ground truth.
A16: Critical legal guardrails
A17: Inventory ≠ quota | B17: A facility can have an inventory obligation without a 2025-2026 quota allocation. | D17: Figma readiness checklist | E17: Status
A18: Effective list changes | B18: Decision 13/2024/QĐ-TTg is effective through 24/09/2026; Decision 42/2026/QĐ-TTg takes effect 25/09/2026. | D18: Facility search & identity logic | E18: READY
A19: Threshold vs list | B19: Article 6 criteria and official Prime Minister list membership are shown separately. | D19: Inventory obligation logic | E19: READY — full national list lookup still external for non-QD699 facilities
A20: Benchmark B | B20: Calculated only when the sector-year dataset is complete; otherwise blank. | D20: Quota obligation logic | E20: READY
A21: g / r | B21: No default value. Missing sourced values stop A calculation. | D21: Allocation formula logic | E21: READY — actual g/r and historical dataset may remain incomplete
A22: Allocation vs compliance emissions | B22: Historical E_avg is an allocation input; compliance uses verified direct-source emissions for the allocation phase. | D22: Compliance logic | E22: READY
A23: Official vs calculated allowance | B23: Official Decision 699 allocation is used for compliance; calculated A is for method reproduction / validation. | D23: Legal explanation states | E23: READY
A24: Prototype scope | B24: This workbook is not an official registry or legal opinion; it is an auditable legal-policy simulator. | D24: Missing / unverified data states | E24: READY

Sheet SOURCE_REGISTER
A1: Source ID | B1: Facility ID | C1: Facility Name | D1: Calendar Year | E1: Variable | F1: Value | G1: Unit | H1: Source Name | I1: Source Type | J1: Document / Report | K1: Publication Date | L1: URL / File | M1: Page / Table | N1: Verification Status | O1: Notes
